apparentTemperature,cloudCover,datetime,dewPoint,humidity,icon,precipIntensity,precipProbability,pressure,summary,temperature,time,uvIndex,visibility,windBearing,windGust,windSpeed
35.56,,2013-12-01 00:00:00,9.16,0.33,clear-night,0,0,,Clear,35.56,1385827200,0.0,6.206,18.0,4.99,1.58
29.21,,2013-12-01 01:00:00,9.89,0.39,clear-night,0,0,,Clear,32.05,1385830800,0.0,6.206,0.0,3.11,3.11
30.99,,2013-12-01 02:00:00,10.43,0.42,clear-night,0,0,1025.8,Clear,30.99,1385834400,0.0,6.206,20.0,1.04,1.04
29.08,,2013-12-01 03:00:00,11.77,0.48,clear-night,0,0,,Clear,29.08,1385838000,0.0,6.206,34.0,2.99,1.58
30.43,,2013-12-01 04:00:00,9.29,0.41,clear-night,0,0,,Clear,30.43,1385841600,0.0,6.206,19.0,2.61,2.61
29.08,,2013-12-01 05:00:00,8.59,0.42,clear-night,0,0,1025.08,Clear,29.08,1385845200,0.0,6.206,200.0,1.04,1.04
26.87,,2013-12-01 06:00:00,9.56,0.48,clear-night,0,0,,Clear,26.87,1385848800,0.0,6.206,341.0,1.04,1.04
29.38,,2013-12-01 07:00:00,8.73,0.41,clear-night,0,0,,Clear,29.38,1385852400,0.0,6.206,330.0,2.08,2.08
25.9,,2013-12-01 08:00:00,10.81,0.46,clear-night,0,0,1025.61,Clear,29.13,1385856000,,6.206,350.0,3.11,3.11
34.3,,2013-12-01 09:00:00,9.89,0.36,clear-night,0,0,,Clear,34.3,1385859600,,6.206,11.0,2.01,1.04
40.86,,2013-12-01 10:00:00,9.55,0.27,clear-night,0,0,,Clear,40.86,1385863200,,6.206,,2.99,1.04
45.4,,2013-12-01 11:00:00,8.93,0.21,clear-night,0,0,1024.99,Clear,46.35,1385866800,,6.206,324.0,4.0,3.15
46.18,,2013-12-01 12:00:00,3.24,0.16,clear-night,0,0,,Clear,47.97,1385870400,,6.206,300.0,,4.48
48.35,,2013-12-01 13:00:00,8.57,0.19,clear-night,0,0,,Clear,49.32,1385874000,,6.206,276.0,4.0,3.65
51.77,,2013-12-01 14:00:00,7.78,0.17,clear-night,0,0,1021.71,Clear,51.77,1385877600,,6.206,248.0,11.52,3.65
53.14,,2013-12-01 15:00:00,6.83,0.15,clear-night,0,0,,Clear,53.14,1385881200,,6.206,244.0,10.44,4.19
51.77,,2013-12-01 16:00:00,7.78,0.17,clear-night,0,0,,Clear,51.77,1385884800,,6.206,236.0,11.52,4.19
46.99,,2013-12-01 17:00:00,11.19,0.22,clear-night,0,0,1021.2,Clear,48.49,1385888400,0.0,6.206,208.0,4.19,4.19
45.7,,2013-12-01 18:00:00,11.96,0.24,clear-night,0,0,,Clear,46.58,1385892000,0.0,6.206,210.0,3.11,3.11
43.57,,2013-12-01 19:00:00,13.46,0.27,clear-night,0,0,,Clear,45.52,1385895600,0.0,6.206,210.0,10.93,4.15
41.64,0.25,2013-12-01 20:00:00,14.54,0.33,partly-cloudy-night,0,0,1021.41,Partly Cloudy,41.64,1385899200,0.0,6.206,180.0,10.4,2.08
38.59,0.0,2013-12-01 21:00:00,15.91,0.39,clear-night,0,0,,Clear,38.59,1385902800,0.0,4.346,180.0,2.08,2.08
37.29,0.0,2013-12-01 22:00:00,16.09,0.42,clear-night,0,0,,Clear,37.29,1385906400,0.0,4.346,341.0,2.61,2.61
32.87,,2013-12-01 23:00:00,16.78,0.51,clear-night,0,0,1020.91,Clear,32.87,1385910000,0.0,3.73,20.0,1.04,1.04
32.05,0.0,2013-12-02 00:00:00,15.38,0.5,clear-night,0,0,,Clear,32.05,1385913600,0.0,3.108,30.0,2.01,1.04
31.52,0.0,2013-12-02 01:00:00,16.01,0.52,clear-night,0,0,,Clear,31.52,1385917200,0.0,3.73,0.0,2.08,2.08
30.43,,2013-12-02 02:00:00,16.63,0.56,clear-night,0,0,1020.21,Clear,30.43,1385920800,0.0,4.346,350.0,2.08,2.08
25.85,0.0,2013-12-02 03:00:00,14.46,0.54,clear-night,0,0,,Clear,29.08,1385924400,0.0,4.346,341.0,3.11,3.11
31.26,0.0,2013-12-02 04:00:00,13.11,0.47,clear-night,0,0,,Clear,31.26,1385928000,0.0,4.974,11.0,2.08,2.08
24.9,,2013-12-02 05:00:00,13.94,0.55,clear-night,0,0,1019.22,Clear,28.24,1385931600,0.0,4.974,350.0,4.0,3.11
29.08,,2013-12-02 06:00:00,13.69,0.52,clear-night,0,0,,Clear,29.08,1385935200,0.0,6.206,356.0,6.0,2.61
23.87,,2013-12-02 07:00:00,12.37,0.5,clear-night,0,0,,Clear,28.55,1385938800,0.0,6.206,1.0,4.19,4.19
28.34,0.13,2013-12-02 08:00:00,14.42,0.48,partly-cloudy-day,0,0,1019.89,Partly Cloudy,31.88,1385942400,0.0,6.206,320.0,3.65,3.65
31.52,,2013-12-02 09:00:00,13.03,0.4,clear-night,0,0,,Clear,35.15,1385946000,,6.206,7.0,6.0,4.19
39.79,,2013-12-02 10:00:00,12.95,0.33,clear-night,0,0,,Clear,39.79,1385949600,,6.206,341.0,2.08,2.08
43.61,0.25,2013-12-02 11:00:00,11.23,0.26,partly-cloudy-day,0,0,1019.22,Partly Cloudy,43.61,1385953200,2.0,6.206,320.0,2.08,2.08
48.24,,2013-12-02 12:00:00,10.31,0.21,clear-night,0,0,,Clear,48.24,1385956800,,6.206,350.0,2.08,2.08
49.32,,2013-12-02 13:00:00,11.19,0.21,clear-night,0,0,,Clear,49.32,1385960400,,6.206,320.0,2.99,2.08
52.06,0.88,2013-12-02 14:00:00,11.62,0.2,cloudy,0,0,1017.38,Overcast,52.06,1385964000,1.0,6.206,180.0,2.01,1.04
51.77,,2013-12-02 15:00:00,11.62,0.2,clear-night,0,0,,Clear,51.77,1385967600,,6.206,,1.04,1.04
51.77,,2013-12-02 16:00:00,10.79,0.19,clear-night,0,0,,Clear,51.77,1385971200,,6.206,199.0,2.61,2.61
46.52,0.75,2013-12-02 17:00:00,13.73,0.26,partly-cloudy-night,0,0,1017.49,Mostly Cloudy,46.52,1385974800,0.0,6.206,210.0,2.08,2.08
43.79,0.0,2013-12-02 18:00:00,15.33,0.31,clear-night,0,0,,Clear,43.79,1385978400,0.0,4.974,,0.0,0.0
40.19,0.0,2013-12-02 19:00:00,15.21,0.36,clear-night,0,0,,Clear,40.19,1385982000,0.0,4.346,50.0,1.04,1.04
38.59,0.88,2013-12-02 20:00:00,16.05,0.4,cloudy,0,0,1019.42,Overcast,38.59,1385985600,0.0,3.73,120.0,1.04,1.04
35.84,0.0,2013-12-02 21:00:00,17.35,0.47,clear-night,0,0,,Clear,35.84,1385989200,0.0,3.73,11.0,2.08,2.08
36.45,0.0,2013-12-02 22:00:00,16.35,0.44,clear-night,0,0,,Clear,36.45,1385992800,0.0,3.73,356.0,2.99,2.61
36.45,,2013-12-02 23:00:00,16.36,0.44,clear-night,0,0,1020.7,Clear,36.45,1385996400,0.0,3.73,0.0,2.08,2.08
33.1,0.0,2013-12-03 00:00:00,14.94,0.4,clear-night,0,0,,Clear,37.29,1386000000,0.0,3.73,349.0,5.23,5.23
31.09,0.0,2013-12-03 01:00:00,14.62,0.43,clear-night,0,0,,Clear,34.77,1386003600,0.0,4.346,8.0,6.0,4.19
29.62,,2013-12-03 02:00:00,14.34,0.44,clear-night,0,0,1020.62,Clear,33.96,1386007200,0.0,4.346,8.0,7.99,4.72
29.18,,2013-12-03 03:00:00,14.34,0.46,clear-night,0,0,,Clear,33.13,1386010800,0.0,6.206,349.0,4.99,4.19
30.68,,2013-12-03 04:00:00,14.02,0.43,clear-night,0,0,,Clear,33.96,1386014400,0.0,6.206,327.0,6.0,3.68
29.52,,2013-12-03 05:00:00,14.46,0.45,clear-night,0,0,1021.12,Clear,33.42,1386018000,0.0,6.206,13.0,4.99,4.19
30.38,,2013-12-03 06:00:00,14.5,0.45,clear-night,0,0,,Clear,33.66,1386021600,0.0,6.206,359.0,4.0,3.65
34.49,,2013-12-03 07:00:00,14.5,0.43,clear-night,0,0,,Clear,34.49,1386025200,0.0,6.206,32.0,2.99,0.54
35.63,,2013-12-03 08:00:00,13.8,0.4,clear-night,0,0,1023.19,Clear,35.63,1386028800,,6.206,20.0,2.99,2.08
41.79,,2013-12-03 09:00:00,15.74,0.32,clear-night,0,0,,Clear,43.61,1386032400,,6.206,14.0,6.0,3.65
47.58,,2013-12-03 10:00:00,13.17,0.24,clear-night,0,0,,Clear,48.24,1386036000,,6.206,20.0,3.11,3.11
51.22,,2013-12-03 11:00:00,13.36,0.22,clear-night,0,0,1023.51,Clear,51.22,1386039600,,6.206,350.0,2.08,2.08
53.14,,2013-12-03 12:00:00,12.55,0.2,clear-night,0,0,,Clear,53.14,1386043200,,6.206,330.0,4.0,3.11
55.88,,2013-12-03 13:00:00,13.29,0.18,clear-night,0,0,,Clear,55.88,1386046800,,6.206,338.0,3.65,3.65
56.95,,2013-12-03 14:00:00,12.51,0.17,clear-night,0,0,1021.28,Clear,56.95,1386050400,,6.206,338.0,7.99,4.23
57.79,,2013-12-03 15:00:00,12.51,0.16,clear-night,0,0,,Clear,57.79,1386054000,,6.206,314.0,7.99,6.3
56.42,,2013-12-03 16:00:00,11.27,0.16,clear-night,0,0,,Clear,56.42,1386057600,,6.206,307.0,13.59,7.33
54.51,0.13,2013-12-03 17:00:00,11.18,0.17,partly-cloudy-night,0,0,1021.28,Partly Cloudy,54.51,1386061200,0.0,6.206,290.0,4.15,4.15
52.06,,2013-12-03 18:00:00,10.79,0.19,clear-night,0,0,,Clear,52.06,1386064800,0.0,6.206,284.0,3.65,3.65
51.22,,2013-12-03 19:00:00,11.62,0.2,clear-night,0,0,,Clear,51.22,1386068400,0.0,6.206,275.0,3.65,3.65
50.16,,2013-12-03 20:00:00,12.05,0.21,clear-night,0,0,1021.92,Clear,50.16,1386072000,0.0,6.206,251.0,2.08,2.08
49.32,,2013-12-03 21:00:00,12.86,0.23,clear-night,0,0,,Clear,49.32,1386075600,0.0,6.206,311.0,2.08,2.08
48.19,0.0,2013-12-03 22:00:00,16.92,0.28,clear-night,0,0,,Clear,48.78,1386079200,0.0,4.974,240.0,3.11,3.11
45.99,,2013-12-03 23:00:00,16.92,0.31,clear-night,0,0,1021.71,Clear,45.99,1386082800,0.0,4.346,257.0,4.0,2.61
41.34,0.0,2013-12-04 00:00:00,18.05,0.39,clear-night,0,0,,Clear,41.34,1386086400,0.0,3.108,,1.04,1.04
35.29,0.0,2013-12-04 01:00:00,17.06,0.43,clear-night,0,0,,Clear,37.45,1386090000,0.0,3.108,3.0,4.99,3.15
32.91,,2013-12-04 02:00:00,17.72,0.48,clear-night,0,0,1021.28,Clear,35.31,1386093600,0.0,3.108,0.0,3.11,3.11
34.24,,2013-12-04 03:00:00,17.76,0.51,clear-night,0,0,,Clear,34.24,1386097200,0.0,3.73,60.0,2.99,0.54
32.05,0.0,2013-12-04 04:00:00,18.38,0.57,clear-night,0,0,,Clear,32.05,1386100800,0.0,4.346,,1.0,0.0
31.81,0.0,2013-12-04 05:00:00,19.61,0.6,clear-night,0,0,,Clear,31.81,1386104400,0.0,4.346,320.0,2.01,1.04
32.35,,2013-12-04 06:00:00,19.43,0.59,clear-night,0,0,,Clear,32.35,1386108000,0.0,4.974,,1.04,1.04
30.99,,2013-12-04 07:00:00,19.01,0.61,clear-night,0,0,,Clear,30.99,1386111600,0.0,6.206,341.0,2.08,2.08
29.23,0.63,2013-12-04 08:00:00,18.95,0.55,partly-cloudy-day,0,0,1021.2,Mostly Cloudy,33.17,1386115200,0.0,6.206,5.0,4.99,4.19
36.24,,2013-12-04 09:00:00,19.33,0.44,clear-night,0,0,,Clear,39.19,1386118800,,6.206,341.0,4.15,4.15
43.42,,2013-12-04 10:00:00,16.7,0.31,clear-night,0,0,,Clear,46.04,1386122400,,6.206,356.0,5.23,5.23
50.16,0.88,2013-12-04 11:00:00,15.8,0.25,cloudy,0,0,1020.62,Overcast,50.16,1386126000,1.0,6.206,14.0,6.0,4.72
51.22,,2013-12-04 12:00:00,14.65,0.23,clear-night,0,0,,Clear,51.22,1386129600,,6.206,37.0,6.0,3.65
53.14,,2013-12-04 13:00:00,15.13,0.22,clear-night,0,0,,Clear,53.14,1386133200,,6.206,45.0,4.99,3.15
56.42,0.88,2013-12-04 14:00:00,15.06,0.19,cloudy,0,0,1018.12,Overcast,56.42,1386136800,1.0,6.206,38.0,4.99,3.65
56.95,,2013-12-04 15:00:00,15.53,0.19,clear-night,0,0,,Clear,56.95,1386140400,,6.206,57.0,4.99,2.61
54.21,,2013-12-04 16:00:00,15.46,0.21,clear-night,0,0,,Clear,54.21,1386144000,,6.206,71.0,3.65,3.65
50.11,0.88,2013-12-04 17:00:00,15.94,0.25,cloudy,0,0,1018.3,Overcast,50.11,1386147600,0.0,6.206,71.0,3.11,3.11
46.76,,2013-12-04 18:00:00,16.77,0.3,clear-night,0,0,,Clear,46.76,1386151200,0.0,6.206,,0.0,0.0
40.77,0.0,2013-12-04 19:00:00,12.19,0.31,clear-night,0,0,,Clear,40.77,1386154800,0.0,4.346,20.0,,2.24
40.77,0.88,2013-12-04 20:00:00,15.83,0.36,cloudy,0,0,1019.3,Overcast,40.77,1386158400,0.0,3.73,,,0.0
37.16,0.0,2013-12-04 21:00:00,15.83,0.41,clear-night,0,0,,Clear,37.16,1386162000,0.0,3.73,11.0,,2.24
35.71,0.0,2013-12-04 22:00:00,15.83,0.39,clear-night,0,0,,Clear,38.99,1386165600,0.0,3.73,341.0,,4.48
35.71,,2013-12-04 23:00:00,15.83,0.39,clear-night,0,0,1020.21,Clear,38.99,1386169200,0.0,3.73,350.0,,4.48
35.71,0.0,2013-12-05 00:00:00,15.83,0.39,clear-night,0,0,,Clear,38.99,1386172800,0.0,3.73,350.0,,4.48
37.16,0.0,2013-12-05 01:00:00,17.61,0.45,clear-night,0,0,,Clear,37.16,1386176400,0.0,3.73,,,2.24
31.49,,2013-12-05 02:00:00,17.61,0.48,clear-night,0,0,1021.49,Clear,35.36,1386180000,0.0,4.346,0.0,,4.48
31.49,,2013-12-05 03:00:00,17.61,0.48,clear-night,0,0,,Clear,35.36,1386183600,0.0,4.974,50.0,,4.48
35.6,,2013-12-05 04:00:00,10.41,0.26,clear-night,0,0,,Clear,42.57,1386187200,0.0,6.206,30.0,,13.42
33.59,,2013-12-05 05:00:00,8.58,0.3,clear-night,0,0,1023.28,Clear,37.16,1386190800,0.0,6.206,350.0,,4.48
29.73,,2013-12-05 06:00:00,12.19,0.38,clear-night,0,0,,Clear,35.36,1386194400,0.0,6.206,11.0,,6.72
31.88,,2013-12-05 07:00:00,12.19,0.33,clear-night,0,0,,Clear,38.99,1386198000,0.0,6.206,30.0,,11.19
32.86,,2013-12-05 08:00:00,10.41,0.3,clear-night,0,0,1026.09,Clear,38.99,1386201600,,6.206,11.0,,8.96
40.84,,2013-12-05 09:00:00,10.9,0.27,clear-night,0,0,,Clear,42.77,1386205200,,6.206,7.0,3.65,3.65
43.36,,2013-12-05 10:00:00,8.86,0.22,clear-night,0,0,,Clear,44.97,1386208800,,6.206,8.0,7.99,3.65
44.08,,2013-12-05 11:00:00,6.83,0.19,clear-night,0,0,1026.59,Clear,46.87,1386212400,,6.206,7.0,7.01,5.76
45.74,,2013-12-05 12:00:00,7.14,0.19,clear-night,0,0,,Clear,47.41,1386216000,,6.206,341.0,7.99,4.19
45.99,,2013-12-05 13:00:00,8.03,0.19,clear-night,0,0,,Clear,48.49,1386219600,,6.206,12.0,10.99,5.79
46.69,,2013-12-05 14:00:00,7.02,0.18,clear-night,0,0,1024.01,Clear,49.32,1386223200,,6.206,344.0,10.01,6.34
47.89,,2013-12-05 15:00:00,6.89,0.17,clear-night,0,0,,Clear,49.85,1386226800,,6.206,353.0,8.99,5.26
47.03,,2013-12-05 16:00:00,6.06,0.18,clear-night,0,0,,Clear,48.19,1386230400,,6.206,59.0,7.99,3.68
45.45,,2013-12-05 17:00:00,7.39,0.21,clear-night,0,0,1023.42,Clear,45.45,1386234000,0.0,6.206,152.0,2.99,1.58
41.34,,2013-12-05 18:00:00,9.76,0.27,clear-night,0,0,,Clear,41.34,1386237600,0.0,6.206,161.0,2.08,2.08
40.27,,2013-12-05 19:00:00,9.67,0.28,clear-night,0,0,,Clear,40.27,1386241200,0.0,6.206,161.0,2.08,2.08
40.57,,2013-12-05 20:00:00,9.18,0.27,clear-night,0,0,1023.42,Clear,40.57,1386244800,0.0,6.206,150.0,2.08,2.08
39.19,,2013-12-05 21:00:00,10.3,0.3,clear-night,0,0,,Clear,39.19,1386248400,0.0,6.206,170.0,2.08,2.08
36.7,,2013-12-05 22:00:00,11.8,0.35,clear-night,0,0,,Clear,36.7,1386252000,0.0,6.206,150.0,2.08,2.08
34.24,,2013-12-05 23:00:00,15.06,0.45,clear-night,0,0,1022.79,Clear,34.24,1386255600,0.0,6.206,150.0,2.08,2.08
32.35,0.0,2013-12-06 00:00:00,13.24,0.45,clear-night,0,0,,Clear,32.35,1386259200,0.0,4.346,,1.0,0.0
31.26,0.0,2013-12-06 01:00:00,13.94,0.48,clear-night,0,0,,Clear,31.26,1386262800,0.0,4.346,,1.0,0.0
29.6,,2013-12-06 02:00:00,13.94,0.52,clear-night,0,0,1021.62,Clear,29.6,1386266400,0.0,3.73,0.0,2.08,2.08
29.38,0.0,2013-12-06 03:00:00,13.94,0.52,clear-night,0,0,,Clear,29.38,1386270000,0.0,3.73,,0.0,0.0
29.08,0.0,2013-12-06 04:00:00,12.87,0.5,clear-night,0,0,,Clear,29.08,1386273600,0.0,3.73,350.0,1.04,1.04
27.16,,2013-12-06 05:00:00,14.42,0.58,clear-night,0,0,1020.78,Clear,27.16,1386277200,0.0,3.73,20.0,2.01,1.04
28.0,0.0,2013-12-06 06:00:00,14.18,0.56,clear-night,0,0,,Clear,28.0,1386280800,0.0,3.73,0.0,2.08,2.08
27.16,0.0,2013-12-06 07:00:00,14.86,0.59,clear-night,0,0,,Clear,27.16,1386284400,0.0,3.73,,0.0,0.0
26.08,0.63,2013-12-06 08:00:00,14.5,0.61,partly-cloudy-day,0,0,1021.2,Mostly Cloudy,26.08,1386288000,0.0,3.73,11.0,2.08,2.08
32.42,0.0,2013-12-06 09:00:00,17.33,0.53,clear-day,0,0,,Clear,32.42,1386291600,0.0,3.73,0.0,2.08,2.08
36.52,0.0,2013-12-06 10:00:00,15.68,0.42,clear-day,0,0,,Clear,36.52,1386295200,1.0,3.73,,2.01,1.04
40.32,0.38,2013-12-06 11:00:00,16.02,0.37,partly-cloudy-day,0,0,1020.62,Partly Cloudy,40.32,1386298800,2.0,3.73,221.0,2.01,1.04
43.61,0.0,2013-12-06 12:00:00,15.42,0.32,clear-day,0,0,,Clear,43.61,1386302400,2.0,4.346,324.0,8.86,2.61
46.87,0.0,2013-12-06 13:00:00,15.12,0.28,clear-day,0,0,,Clear,46.87,1386306000,2.0,4.974,311.0,8.86,2.08
49.32,0.25,2013-12-06 14:00:00,15.38,0.25,partly-cloudy-day,0,0,1018.01,Partly Cloudy,49.32,1386309600,1.0,4.974,320.0,2.08,2.08
50.39,,2013-12-06 15:00:00,15.91,0.25,clear-night,0,0,,Clear,50.39,1386313200,,6.206,,2.01,1.04
48.43,0.0,2013-12-06 16:00:00,19.9,0.31,clear-day,0,0,,Clear,49.02,1386316800,0.0,2.488,174.0,3.15,3.15
45.04,0.13,2013-12-06 17:00:00,21.82,0.36,partly-cloudy-night,0,0,1018.3,Partly Cloudy,47.12,1386320400,0.0,2.488,186.0,4.69,4.69
41.65,0.0,2013-12-06 18:00:00,23.48,0.46,clear-night,0,0,,Clear,43.01,1386324000,0.0,3.108,191.0,3.11,3.11
40.27,0.0,2013-12-06 19:00:00,23.32,0.5,clear-night,0,0,,Clear,40.27,1386327600,0.0,3.108,,2.01,1.04
36.37,0.0,2013-12-06 20:00:00,23.01,0.58,clear-night,0,0,1019.42,Clear,36.37,1386331200,0.0,3.108,71.0,2.08,2.08
36.98,0.0,2013-12-06 21:00:00,24.85,0.61,clear-night,0,0,,Clear,36.98,1386334800,0.0,3.108,,0.0,0.0
34.77,0.0,2013-12-06 22:00:00,24.98,0.67,clear-night,0,0,,Clear,34.77,1386338400,0.0,3.108,71.0,1.04,1.04
32.87,,2013-12-06 23:00:00,24.14,0.7,clear-night,0,0,1020.01,Clear,32.87,1386342000,0.0,3.108,90.0,1.04,1.04
32.35,0.0,2013-12-07 00:00:00,23.65,0.7,clear-night,0,0,,Clear,32.35,1386345600,0.0,3.108,90.0,1.04,1.04
30.43,0.0,2013-12-07 01:00:00,21.97,0.7,clear-night,0,0,,Clear,30.43,1386349200,0.0,3.108,350.0,1.04,1.04
30.99,,2013-12-07 02:00:00,22.53,0.71,clear-night,0,0,1020.09,Clear,30.99,1386352800,0.0,3.108,,0.0,0.0
30.43,0.0,2013-12-07 03:00:00,21.41,0.69,clear-night,0,0,,Clear,30.43,1386356400,0.0,3.108,,1.0,0.0
25.79,0.0,2013-12-07 04:00:00,20.7,0.71,clear-night,0,0,,Clear,29.08,1386360000,0.0,3.108,322.0,3.15,3.15
28.55,,2013-12-07 05:00:00,19.76,0.69,clear-night,0,0,1019.89,Clear,28.55,1386363600,0.0,3.73,7.0,4.0,2.61
28.55,0.0,2013-12-07 06:00:00,19.54,0.69,clear-night,0,0,,Clear,28.55,1386367200,0.0,4.346,0.0,2.99,2.08
28.0,0.0,2013-12-07 07:00:00,19.79,0.71,clear-night,0,0,,Clear,28.0,1386370800,0.0,4.346,0.0,2.08,2.08
28.0,0.0,2013-12-07 08:00:00,19.43,0.7,clear-day,0,0,1021.41,Clear,28.0,1386374400,0.0,3.73,0.0,4.99,2.08
31.56,0.0,2013-12-07 09:00:00,20.7,0.64,clear-day,0,0,,Clear,31.56,1386378000,0.0,3.73,17.0,2.99,2.61
34.59,0.0,2013-12-07 10:00:00,20.37,0.56,clear-day,0,0,,Clear,34.59,1386381600,1.0,3.108,11.0,2.99,2.08
38.43,0.75,2013-12-07 11:00:00,21.24,0.5,partly-cloudy-day,0,0,1021.62,Mostly Cloudy,38.43,1386385200,1.0,2.796,71.0,1.04,1.04
40.32,0.0,2013-12-07 12:00:00,23.92,0.52,fog,0,0,,Foggy,40.32,1386388800,2.0,1.989,140.0,2.99,2.08
39.88,0.0,2013-12-07 13:00:00,26.96,0.55,fog,0,0,,Foggy,41.94,1386392400,2.0,1.74,118.0,3.65,3.65
42.77,0.88,2013-12-07 14:00:00,27.87,0.55,fog,0,0,1018.91,Foggy,42.77,1386396000,1.0,1.555,120.0,4.99,2.08
42.77,0.0,2013-12-07 15:00:00,29.12,0.58,fog,0,0,,Foggy,42.77,1386399600,1.0,1.244,106.0,4.99,2.61
41.94,0.0,2013-12-07 16:00:00,29.55,0.61,fog,0,0,,Foggy,41.94,1386403200,0.0,1.244,101.0,2.08,2.08
38.89,0.88,2013-12-07 17:00:00,28.6,0.66,fog,0,0,1019.3,Foggy,38.89,1386406800,0.0,1.12,90.0,1.04,1.04
36.7,0.0,2013-12-07 18:00:00,28.66,0.72,fog,0,0,,Foggy,36.7,1386410400,0.0,1.12,71.0,1.04,1.04
35.63,0.0,2013-12-07 19:00:00,28.2,0.74,fog,0,0,,Foggy,35.63,1386414000,0.0,1.056,71.0,1.04,1.04
35.63,0.88,2013-12-07 20:00:00,29.38,0.78,fog,0,0,1020.41,Foggy,35.63,1386417600,0.0,0.994,,0.0,0.0
35.36,0.0,2013-12-07 21:00:00,29.5,0.79,fog,0,0,,Foggy,35.36,1386421200,0.0,1.056,,0.0,0.0
33.69,0.0,2013-12-07 22:00:00,27.69,0.78,fog,0,0,,Foggy,33.69,1386424800,0.0,1.056,30.0,1.04,1.04
35.36,,2013-12-07 23:00:00,28.85,0.77,fog,0,0,1020.62,Foggy,35.36,1386428400,0.0,1.056,11.0,2.08,2.08
36.75,0.0,2013-12-08 00:00:00,30.03,0.76,fog,0,0,,Foggy,36.75,1386432000,0.0,1.12,,0.0,0.0
38.12,0.0,2013-12-08 01:00:00,32.05,0.79,fog,0,0,,Foggy,38.12,1386435600,0.0,0.994,110.0,2.08,2.08
38.12,,2013-12-08 02:00:00,32.85,0.81,fog,0,0,1020.29,Foggy,38.12,1386439200,0.0,0.931,120.0,2.99,1.04
37.59,0.0,2013-12-08 03:00:00,32.32,0.81,fog,0,0,,Foggy,37.59,1386442800,0.0,0.931,,1.0,0.0
37.59,0.0,2013-12-08 04:00:00,31.86,0.8,fog,0,0,,Foggy,37.59,1386446400,0.0,1.056,341.0,2.08,2.08
38.12,,2013-12-08 05:00:00,32.54,0.8,fog,0,0,1020.01,Foggy,38.12,1386450000,0.0,1.056,,0.0,0.0
38.43,0.0,2013-12-08 06:00:00,31.36,0.75,fog,0,0,,Foggy,38.43,1386453600,0.0,1.056,330.0,2.99,2.08
34.55,0.0,2013-12-08 07:00:00,29.86,0.76,fog,0,0,,Foggy,36.75,1386457200,0.0,1.12,350.0,6.0,3.11
36.2,0.88,2013-12-08 08:00:00,29.36,0.76,fog,0,0,1020.7,Foggy,36.2,1386460800,0.0,1.056,11.0,2.08,2.08
37.59,0.0,2013-12-08 09:00:00,29.86,0.73,fog,0,0,,Foggy,37.59,1386464400,0.0,0.994,0.0,2.08,2.08
38.56,0.0,2013-12-08 10:00:00,30.38,0.67,fog,0,0,,Foggy,40.32,1386468000,1.0,1.12,40.0,3.15,3.15
42.23,0.88,2013-12-08 11:00:00,29.43,0.6,fog,0,0,1020.5,Foggy,42.23,1386471600,1.0,1.12,41.0,2.08,2.08
44.68,0.0,2013-12-08 12:00:00,30.13,0.56,fog,0,0,,Foggy,44.68,1386475200,2.0,1.244,20.0,2.99,2.61
45.04,0.0,2013-12-08 13:00:00,26.08,0.43,fog,0,0,,Foggy,47.41,1386478800,2.0,1.555,53.0,5.23,5.23
50.69,0.88,2013-12-08 14:00:00,20.62,0.3,cloudy,0,0,1018.61,Overcast,50.69,1386482400,1.0,3.73,341.0,7.33,7.33
46.42,,2013-12-08 15:00:00,16.28,0.26,clear-night,0,0,,Clear,49.85,1386486000,,4.346,331.0,10.99,8.41
44.03,,2013-12-08 16:00:00,9.87,0.2,clear-night,0,0,,Clear,48.78,1386489600,,6.206,309.0,14.99,11.52
40.95,0.63,2013-12-08 17:00:00,11.15,0.23,partly-cloudy-night,0,0,1020.01,Mostly Cloudy,46.58,1386493200,0.0,6.206,318.0,22.56,12.55
37.37,,2013-12-08 18:00:00,10.95,0.25,clear-night,0,0,,Clear,44.13,1386496800,0.0,6.206,290.0,18.98,14.13
34.37,,2013-12-08 19:00:00,9.26,0.25,clear-night,0,0,,Clear,42.77,1386500400,0.0,6.206,315.0,30.49,18.91
31.26,0.75,2013-12-08 20:00:00,8.72,0.26,partly-cloudy-night,0,0,1023.51,Mostly Cloudy,40.86,1386504000,0.0,6.206,331.0,33.18,21.52
30.23,,2013-12-08 21:00:00,8.25,0.27,clear-night,0,0,,Clear,39.5,1386507600,0.0,6.206,309.0,27.85,18.38
29.36,,2013-12-08 22:00:00,8.12,0.28,clear-night,0,0,,Clear,38.12,1386511200,0.0,6.206,331.0,28.47,15.22
29.38,,2013-12-08 23:00:00,8.04,0.29,clear-night,0,0,1024.42,Clear,37.59,1386514800,0.0,6.206,322.0,21.0,13.15
27.82,,2013-12-09 00:00:00,7.91,0.3,clear-night,0,0,,Clear,36.2,1386518400,0.0,6.206,322.0,22.0,12.62
27.42,,2013-12-09 01:00:00,8.25,0.31,clear-night,0,0,,Clear,36.2,1386522000,0.0,6.206,331.0,22.0,13.7
27.01,,2013-12-09 02:00:00,8.08,0.32,clear-night,0,0,1025.32,Clear,34.84,1386525600,0.0,6.206,328.0,18.98,10.51
25.17,,2013-12-09 03:00:00,9.72,0.37,clear-night,0,0,,Clear,33.17,1386529200,0.0,6.206,339.0,18.98,10.01
27.39,,2013-12-09 04:00:00,7.78,0.31,clear-night,0,0,,Clear,35.68,1386532800,0.0,6.206,330.0,14.99,12.06
26.32,,2013-12-09 05:00:00,7.1,0.3,clear-night,0,0,1024.89,Clear,35.15,1386536400,0.0,6.206,342.0,13.05,13.05
25.04,,2013-12-09 06:00:00,6.1,0.3,clear-night,0,0,,Clear,34.3,1386540000,0.0,6.206,336.0,19.99,13.61
25.61,,2013-12-09 07:00:00,6.45,0.32,clear-night,0,0,,Clear,33.49,1386543600,0.0,6.206,342.0,10.99,9.93
26.61,,2013-12-09 08:00:00,6.45,0.31,clear-night,0,0,1025.61,Clear,34.3,1386547200,,6.206,342.0,13.0,9.93
28.05,,2013-12-09 09:00:00,6.58,0.28,clear-night,0,0,,Clear,36.52,1386550800,,6.206,321.0,14.0,13.09
29.77,,2013-12-09 10:00:00,5.49,0.25,clear-night,0,0,,Clear,37.88,1386554400,,6.206,343.0,14.99,13.09
32.02,,2013-12-09 11:00:00,5.71,0.24,clear-night,0,0,1025.7,Clear,39.79,1386558000,,6.206,333.0,13.59,13.59
34.68,,2013-12-09 12:00:00,3.3,0.2,clear-night,0,0,,Clear,41.16,1386561600,,6.206,328.0,13.0,10.97
37.05,,2013-12-09 13:00:00,5.47,0.21,clear-night,0,0,,Clear,43.06,1386565200,,6.206,333.0,19.37,10.97
36.21,,2013-12-09 14:00:00,5.04,0.21,clear-night,0,0,1022.61,Clear,42.23,1386568800,,6.206,280.0,23.13,10.48
35.27,,2013-12-09 15:00:00,4.6,0.21,clear-night,0,0,,Clear,42.23,1386572400,,6.206,297.0,21.52,13.12
36.43,,2013-12-09 16:00:00,4.6,0.21,clear-night,0,0,,Clear,42.23,1386576000,,6.206,285.0,13.0,9.93
35.99,,2013-12-09 17:00:00,4.56,0.22,clear-night,0,0,1022.61,Clear,40.86,1386579600,0.0,6.206,300.0,17.81,7.33
37.82,,2013-12-09 18:00:00,5.36,0.25,clear-night,0,0,,Clear,37.82,1386583200,0.0,6.206,5.0,4.99,2.61
36.16,,2013-12-09 19:00:00,9.12,0.32,clear-night,0,0,,Clear,36.16,1386586800,0.0,6.206,359.0,6.0,2.64
33.42,,2013-12-09 20:00:00,10.62,0.38,clear-night,0,0,1022.92,Clear,33.42,1386590400,0.0,6.206,80.0,2.01,1.04
31.52,,2013-12-09 21:00:00,8.73,0.38,clear-night,0,0,,Clear,31.52,1386594000,0.0,6.206,71.0,1.04,1.04
32.35,,2013-12-09 22:00:00,8.73,0.37,clear-night,0,0,,Clear,32.35,1386597600,0.0,6.206,,2.01,0.0
30.43,,2013-12-09 23:00:00,9.42,0.41,clear-night,0,0,1022.48,Clear,30.43,1386601200,0.0,6.206,5.0,2.99,2.61
29.91,,2013-12-10 00:00:00,8.95,0.41,clear-night,0,0,,Clear,29.91,1386604800,0.0,6.206,11.0,2.99,1.04
27.16,,2013-12-10 01:00:00,11.28,0.51,clear-night,0,0,,Clear,27.16,1386608400,0.0,6.206,11.0,4.0,2.08
23.28,,2013-12-10 02:00:00,10.47,0.49,clear-night,0,0,1021.41,Clear,26.87,1386612000,0.0,6.206,25.0,7.01,3.15
20.15,,2013-12-10 03:00:00,9.12,0.48,clear-night,0,0,,Clear,26.32,1386615600,0.0,6.206,28.0,8.99,5.26
28.0,,2013-12-10 04:00:00,10.8,0.48,clear-night,0,0,,Clear,28.0,1386619200,0.0,6.206,0.0,2.08,2.08
26.63,,2013-12-10 05:00:00,10.3,0.5,clear-night,0,0,1019.69,Clear,26.63,1386622800,0.0,6.206,7.0,4.0,2.61
27.46,,2013-12-10 06:00:00,11.66,0.51,clear-night,0,0,,Clear,27.46,1386626400,0.0,6.206,350.0,4.99,1.04
27.46,,2013-12-10 07:00:00,11.4,0.5,clear-night,0,0,,Clear,27.46,1386630000,0.0,6.206,0.0,2.08,2.08
28.3,0.88,2013-12-10 08:00:00,11.66,0.49,cloudy,0,0,1019.22,Overcast,28.3,1386633600,0.0,6.206,,0.0,0.0
29.13,,2013-12-10 09:00:00,13.2,0.51,clear-night,0,0,,Clear,29.13,1386637200,,6.206,23.0,4.0,2.61
30.8,,2013-12-10 10:00:00,12.12,0.45,clear-night,0,0,,Clear,30.8,1386640800,,6.206,341.0,2.08,2.08
31.09,0.88,2013-12-10 11:00:00,10.32,0.37,cloudy,0,0,1018.3,Overcast,33.75,1386644400,1.0,6.206,286.0,4.99,3.15
33.72,,2013-12-10 12:00:00,5.4,0.23,clear-night,0,0,,Clear,40.86,1386648000,,6.206,292.0,19.56,12.58
33.1,,2013-12-10 13:00:00,4.56,0.21,clear-night,0,0,,Clear,41.69,1386651600,,6.206,282.0,29.93,18.33
34.34,0.25,2013-12-10 14:00:00,4.16,0.2,partly-cloudy-day,0,0,1017.31,Partly Cloudy,42.23,1386655200,1.0,6.206,308.0,27.31,16.22
33.79,,2013-12-10 15:00:00,0.71,0.17,clear-night,0,0,,Clear,42.23,1386658800,,6.206,323.0,24.2,18.33
31.33,,2013-12-10 16:00:00,-0.22,0.18,clear-night,0,0,,Clear,40.32,1386662400,,6.206,337.0,29.89,18.3
28.76,,2013-12-10 17:00:00,-0.22,0.19,clear-night,0,0,1019.49,Clear,38.97,1386666000,0.0,6.206,323.0,34.19,21.52
27.35,,2013-12-10 18:00:00,-0.22,0.2,clear-night,0,0,,Clear,37.04,1386669600,0.0,6.206,320.0,29.93,17.24
25.74,,2013-12-10 19:00:00,0.59,0.22,clear-night,0,0,,Clear,35.68,1386673200,0.0,6.206,317.0,27.81,16.77
26.05,,2013-12-10 20:00:00,1.42,0.23,clear-night,0,0,1022.01,Clear,35.68,1386676800,0.0,6.206,336.0,28.89,15.77
24.29,,2013-12-10 21:00:00,0.96,0.24,clear-night,0,0,,Clear,34.3,1386680400,0.0,6.206,327.0,18.98,15.74
24.84,,2013-12-10 22:00:00,1.8,0.25,clear-night,0,0,,Clear,34.3,1386684000,0.0,6.206,306.0,18.0,14.15
20.85,,2013-12-10 23:00:00,-5.78,0.18,clear-night,0,0,1023.42,Clear,33.55,1386687600,0.0,6.206,341.0,33.54,24.6
19.06,,2013-12-11 00:00:00,-3.98,0.21,clear-night,0,0,,Clear,31.79,1386691200,0.0,6.206,330.0,33.54,22.38
21.08,,2013-12-11 01:00:00,-2.21,0.23,clear-night,0,0,,Clear,31.79,1386694800,0.0,6.206,341.0,33.54,15.65
18.71,,2013-12-11 02:00:00,-3.98,0.22,clear-night,0,0,1023.1,Clear,29.94,1386698400,0.0,6.206,341.0,,15.65
18.36,,2013-12-11 03:00:00,-3.98,0.24,clear-night,0,0,,Clear,28.17,1386702000,0.0,6.206,341.0,,11.19
21.1,,2013-12-11 04:00:00,-3.98,0.24,clear-night,0,0,,Clear,28.17,1386705600,0.0,6.206,311.0,,6.72
18.94,,2013-12-11 05:00:00,-0.38,0.33,clear-night,0,0,1022.61,Clear,24.59,1386709200,0.0,6.206,150.0,,4.48
16.83,,2013-12-11 06:00:00,1.4,0.39,clear-night,0,0,,Clear,22.78,1386712800,0.0,6.206,180.0,,4.48
16.83,,2013-12-11 07:00:00,1.4,0.39,clear-night,0,0,,Clear,22.78,1386716400,0.0,6.206,161.0,,4.48
16.83,,2013-12-11 08:00:00,5.03,0.46,clear-night,0,0,1022.61,Clear,22.78,1386720000,,6.206,80.0,,4.48
33.75,,2013-12-11 09:00:00,5.14,0.29,clear-night,0,0,,Clear,33.75,1386723600,,6.206,187.0,4.99,2.61
29.72,,2013-12-11 10:00:00,2.26,0.24,clear-night,0,0,,Clear,35.68,1386727200,,6.206,217.0,8.99,7.33
32.48,,2013-12-11 11:00:00,1.51,0.21,clear-night,0,0,1020.7,Clear,38.43,1386730800,,6.206,224.0,12.01,8.37
33.86,,2013-12-11 12:00:00,-0.22,0.18,clear-night,0,0,,Clear,39.79,1386734400,,6.206,231.0,10.01,8.95
34.94,,2013-12-11 13:00:00,1.05,0.17,clear-night,0,0,,Clear,42.23,1386738000,,6.206,309.0,14.99,14.13
37.36,,2013-12-11 14:00:00,0.11,0.16,clear-night,0,0,1017.2,Clear,43.61,1386741600,,6.206,283.0,19.99,12.06
37.83,,2013-12-11 15:00:00,0.01,0.15,clear-night,0,0,,Clear,44.13,1386745200,,6.206,292.0,21.0,12.62
37.84,,2013-12-11 16:00:00,1.92,0.17,clear-night,0,0,,Clear,44.13,1386748800,,6.206,284.0,22.06,12.58
39.24,0.13,2013-12-11 17:00:00,2.46,0.18,partly-cloudy-night,0,0,1016.99,Partly Cloudy,42.77,1386752400,0.0,6.206,308.0,14.13,5.72
39.19,,2013-12-11 18:00:00,3.67,0.22,clear-night,0,0,,Clear,39.19,1386756000,0.0,6.206,0.0,13.05,2.08
39.19,,2013-12-11 19:00:00,4.51,0.23,clear-night,0,0,,Clear,39.19,1386759600,0.0,6.206,90.0,4.99,1.04
33.59,0.88,2013-12-11 20:00:00,-3.98,0.17,cloudy,0,0,1017.49,Overcast,37.16,1386763200,0.0,6.206,41.0,,4.48
31.49,,2013-12-11 21:00:00,-2.21,0.2,clear-night,0,0,,Clear,35.36,1386766800,0.0,6.206,71.0,,4.48
29.37,,2013-12-11 22:00:00,-2.21,0.21,clear-night,0,0,,Clear,33.55,1386770400,0.0,6.206,120.0,,4.48
25.17,,2013-12-11 23:00:00,1.4,0.29,clear-night,0,0,1017.31,Clear,29.94,1386774000,0.0,6.206,0.0,,4.48
21.03,,2013-12-12 00:00:00,-0.38,0.31,clear-night,0,0,,Clear,26.39,1386777600,0.0,6.206,341.0,,4.48
21.03,,2013-12-12 01:00:00,3.24,0.36,clear-night,0,0,,Clear,26.39,1386781200,0.0,6.206,0.0,,4.48
24.59,,2013-12-12 02:00:00,5.03,0.43,clear-night,0,0,1016.5,Clear,24.59,1386784800,0.0,6.206,,,0.0
14.73,,2013-12-12 03:00:00,5.03,0.5,clear-night,0,0,,Clear,20.97,1386788400,0.0,6.206,350.0,,4.48
10.28,,2013-12-12 04:00:00,5.03,0.54,clear-night,0,0,,Clear,19.17,1386792000,0.0,6.206,350.0,,6.72
10.28,,2013-12-12 05:00:00,5.03,0.54,clear-night,0,0,1017.89,Clear,19.17,1386795600,0.0,6.206,350.0,,6.72
17.39,,2013-12-12 06:00:00,6.78,0.43,clear-night,0,0,,Clear,26.39,1386799200,0.0,6.206,341.0,,8.96
17.25,,2013-12-12 07:00:00,-2.21,0.24,clear-night,0,0,,Clear,29.94,1386802800,0.0,6.206,350.0,,20.12
16.04,,2013-12-12 08:00:00,-11.19,0.16,clear-night,0,0,1021.62,Clear,29.94,1386806400,,6.206,341.0,,24.6
18.5,,2013-12-12 09:00:00,-14.8,0.12,clear-night,0,0,,Clear,31.79,1386810000,,6.206,350.0,35.78,24.6
17.5,,2013-12-12 10:00:00,-20.15,0.09,clear-night,0,0,,Windy,31.79,1386813600,,6.206,341.0,40.27,29.07
19.06,,2013-12-12 11:00:00,-18.41,0.1,clear-night,0,0,1023.28,Clear,31.79,1386817200,,6.206,341.0,33.54,22.38
21.39,,2013-12-12 12:00:00,-18.41,0.09,clear-night,0,0,,Clear,33.55,1386820800,,6.206,341.0,,22.38
20.35,,2013-12-12 13:00:00,-25.66,0.06,clear-night,0,0,,Windy,33.55,1386824400,,6.206,341.0,,26.84
20.35,,2013-12-12 14:00:00,-27.39,0.06,clear-night,0,0,1022.7,Windy,33.55,1386828000,,6.206,341.0,40.27,26.84
19.67,,2013-12-12 15:00:00,-25.66,0.07,clear-night,0,0,,Clear,31.79,1386831600,,6.206,341.0,35.78,20.12
17.25,,2013-12-12 16:00:00,-20.15,0.1,clear-night,0,0,,Clear,29.94,1386835200,,6.206,0.0,31.32,20.12
14.14,,2013-12-12 17:00:00,-20.15,0.12,clear-night,0,0,1023.92,Clear,26.39,1386838800,0.0,6.206,0.0,,15.65
15.18,,2013-12-12 18:00:00,-18.41,0.14,clear-night,0,0,,Clear,24.59,1386842400,0.0,6.206,11.0,,8.96
18.94,,2013-12-12 19:00:00,-16.59,0.15,clear-night,0,0,,Clear,24.59,1386846000,0.0,6.206,41.0,,4.48
16.83,0.0,2013-12-12 20:00:00,-14.8,0.18,clear-night,0,0,1025.22,Clear,22.78,1386849600,0.0,6.206,41.0,,4.48
20.97,,2013-12-12 21:00:00,-11.19,0.23,clear-night,0,0,,Clear,20.97,1386853200,0.0,6.206,20.0,,2.24
12.45,,2013-12-12 22:00:00,-11.19,0.23,clear-night,0,0,,Clear,20.97,1386856800,0.0,6.206,180.0,,6.72
17.38,,2013-12-12 23:00:00,-5.78,0.35,clear-night,0,0,1025.8,Clear,17.38,1386860400,0.0,6.206,90.0,,2.24
17.38,,2013-12-13 00:00:00,-7.62,0.32,clear-night,0,0,,Clear,17.38,1386864000,0.0,6.206,90.0,,2.24
12.45,,2013-12-13 01:00:00,-9.39,0.25,clear-night,0,0,,Clear,20.97,1386867600,0.0,6.206,210.0,,6.72
12.62,,2013-12-13 02:00:00,-5.78,0.32,clear-night,0,0,1026.39,Clear,19.17,1386871200,0.0,6.206,140.0,,4.48
16.83,,2013-12-13 03:00:00,-5.78,0.28,clear-night,0,0,,Clear,22.78,1386874800,0.0,6.206,200.0,,4.48
10.53,,2013-12-13 04:00:00,-3.98,0.38,clear-night,0,0,,Clear,17.38,1386878400,0.0,6.206,200.0,,4.48
8.46,,2013-12-13 05:00:00,-5.78,0.38,clear-night,0,0,1026.69,Clear,15.6,1386882000,0.0,6.206,330.0,,4.48
6.33,,2013-12-13 06:00:00,-5.78,0.41,clear-night,0,0,,Clear,13.76,1386885600,0.0,6.206,0.0,,4.48
13.76,,2013-12-13 07:00:00,-3.98,0.44,clear-night,0,0,,Clear,13.76,1386889200,0.0,6.206,11.0,,2.24
19.17,,2013-12-13 08:00:00,-2.21,0.38,clear-night,0,0,1028.42,Clear,19.17,1386892800,,6.206,11.0,,2.24
26.39,,2013-12-13 09:00:00,-2.21,0.28,clear-night,0,0,,Clear,26.39,1386896400,,6.206,,,0.0
29.94,,2013-12-13 10:00:00,-3.98,0.22,clear-night,0,0,,Clear,29.94,1386900000,,6.206,,,0.0
31.79,,2013-12-13 11:00:00,-13.03,0.13,clear-night,0,0,1027.8,Clear,31.79,1386903600,,6.206,200.0,,2.24
30.5,,2013-12-13 12:00:00,-7.22,0.17,clear-night,0,0,,Clear,33.23,1386907200,,6.206,134.0,6.0,3.15
30.45,,2013-12-13 13:00:00,-6.45,0.17,clear-night,0,0,,Clear,33.75,1386910800,,6.206,169.0,7.01,3.68
34.28,,2013-12-13 14:00:00,-6.09,0.16,clear-night,0,0,1024.42,Clear,36.52,1386914400,,6.206,191.0,4.99,3.11
31.82,,2013-12-13 15:00:00,-5.64,0.16,clear-night,0,0,,Clear,36.2,1386918000,,6.206,172.0,6.0,5.23
33.3,,2013-12-13 16:00:00,-4.79,0.17,clear-night,0,0,,Clear,36.2,1386921600,,6.206,186.0,4.0,3.65
31.77,,2013-12-13 17:00:00,-2.86,0.2,clear-night,0,0,1024.1,Clear,34.3,1386925200,0.0,6.206,191.0,3.11,3.11
24.47,,2013-12-13 18:00:00,-1.29,0.27,clear-night,0,0,,Clear,28.55,1386928800,0.0,6.206,23.0,6.0,3.68
24.2,,2013-12-13 19:00:00,-2.18,0.26,clear-night,0,0,,Clear,28.83,1386932400,0.0,6.206,20.0,7.01,4.19
24.9,,2013-12-13 20:00:00,-1.34,0.27,clear-night,0,0,1025.42,Clear,28.3,1386936000,0.0,6.206,35.0,6.0,3.15
27.46,,2013-12-13 21:00:00,-0.55,0.29,clear-night,0,0,,Clear,27.46,1386939600,0.0,6.206,50.0,1.04,1.04
24.71,,2013-12-13 22:00:00,0.28,0.34,clear-night,0,0,,Clear,24.71,1386943200,0.0,6.206,350.0,2.08,2.08
17.87,,2013-12-13 23:00:00,0.42,0.35,clear-night,0,0,1026.09,Clear,23.87,1386946800,0.0,6.206,3.0,6.0,4.69
23.33,,2013-12-14 00:00:00,1.75,0.39,clear-night,0,0,,Clear,23.33,1386950400,0.0,6.206,0.0,2.08,2.08
17.58,,2013-12-14 01:00:00,1.75,0.4,clear-night,0,0,,Clear,22.5,1386954000,0.0,6.206,348.0,3.65,3.65
15.26,,2013-12-14 02:00:00,1.25,0.4,clear-night,0,0,1026.39,Clear,21.68,1386957600,0.0,6.206,321.0,6.0,4.72
14.99,,2013-12-14 03:00:00,1.12,0.41,clear-night,0,0,,Clear,21.44,1386961200,0.0,6.206,358.0,8.99,4.72
17.44,,2013-12-14 04:00:00,-2.48,0.34,clear-night,0,0,,Clear,21.73,1386964800,0.0,6.206,355.0,4.0,3.15
21.73,,2013-12-14 05:00:00,-0.82,0.37,clear-night,0,0,1027.49,Clear,21.73,1386968400,0.0,6.206,330.0,2.08,2.08
13.78,,2013-12-14 06:00:00,-0.52,0.38,clear-night,0,0,,Clear,20.89,1386972000,0.0,6.206,350.0,7.01,5.23
13.81,,2013-12-14 07:00:00,-3.14,0.36,clear-night,0,0,,Clear,19.22,1386975600,0.0,6.206,7.0,4.0,3.65
15.69,,2013-12-14 08:00:00,-2.3,0.35,clear-night,0,0,1029.0,Clear,20.89,1386979200,,6.206,18.0,10.01,3.68
23.06,,2013-12-14 09:00:00,-2.0,0.28,clear-night,0,0,,Clear,26.68,1386982800,,6.206,129.0,4.0,3.15
24.94,,2013-12-14 10:00:00,-3.04,0.23,clear-night,0,0,,Clear,29.95,1386986400,,6.206,43.0,7.01,4.72
28.32,,2013-12-14 11:00:00,-9.08,0.15,clear-night,0,0,1029.58,Clear,33.23,1386990000,,6.206,32.0,7.01,5.23
30.76,,2013-12-14 12:00:00,-10.19,0.13,clear-night,0,0,,Clear,35.98,1386993600,,6.206,14.0,10.01,6.3
33.06,,2013-12-14 13:00:00,-10.89,0.12,clear-night,0,0,,Clear,37.59,1386997200,,6.206,44.0,8.99,5.76
36.56,,2013-12-14 14:00:00,-11.36,0.11,clear-night,0,0,1028.31,Clear,39.5,1387000800,,6.206,47.0,7.99,4.19
38.64,,2013-12-14 15:00:00,-11.0,0.1,clear-night,0,0,,Clear,40.86,1387004400,,6.206,70.0,3.65,3.65
35.71,,2013-12-14 16:00:00,-16.59,0.08,clear-night,0,0,,Clear,38.99,1387008000,,6.206,,,4.48
35.91,0.5,2013-12-14 17:00:00,-9.46,0.14,partly-cloudy-night,0,0,1029.21,Mostly Cloudy,35.91,1387011600,0.0,6.206,50.0,1.04,1.04
31.81,,2013-12-14 18:00:00,-6.85,0.18,clear-night,0,0,,Clear,31.81,1387015200,0.0,6.206,30.0,2.99,1.58
30.43,,2013-12-14 19:00:00,-5.03,0.21,clear-night,0,0,,Clear,30.43,1387018800,0.0,6.206,20.0,2.99,1.04
29.6,0.88,2013-12-14 20:00:00,-3.34,0.23,cloudy,0,0,1030.62,Overcast,29.6,1387022400,0.0,6.206,321.0,6.0,0.54
30.74,,2013-12-14 21:00:00,-4.07,0.22,clear-night,0,0,,Clear,30.74,1387026000,0.0,6.206,3.0,4.0,2.61
26.73,,2013-12-14 22:00:00,-2.18,0.24,clear-night,0,0,,Clear,30.48,1387029600,0.0,6.206,224.0,3.65,3.65
29.38,,2013-12-14 23:00:00,-2.2,0.25,clear-night,0,0,1032.19,Clear,29.38,1387033200,0.0,6.206,0.0,2.99,2.08
23.66,,2013-12-15 00:00:00,-0.52,0.28,clear-night,0,0,,Clear,28.83,1387036800,0.0,6.206,349.0,4.69,4.69
28.3,,2013-12-15 01:00:00,-1.79,0.27,clear-night,0,0,,Clear,28.3,1387040400,0.0,6.206,300.0,4.0,1.04
26.92,,2013-12-15 02:00:00,-0.62,0.3,clear-night,0,0,1032.82,Clear,26.92,1387044000,0.0,6.206,,2.99,0.0
18.95,,2013-12-15 03:00:00,-1.03,0.3,clear-night,0,0,,Clear,26.08,1387047600,0.0,6.206,346.0,6.26,6.26
17.47,,2013-12-15 04:00:00,-1.9,0.3,clear-night,0,0,,Clear,25.55,1387051200,0.0,6.206,6.0,7.99,7.33
19.27,,2013-12-15 05:00:00,-2.73,0.28,clear-night,0,0,1033.0,Clear,25.55,1387054800,0.0,6.206,21.0,5.23,5.23
19.86,,2013-12-15 06:00:00,-5.28,0.23,clear-night,0,0,,Clear,27.51,1387058400,0.0,6.206,22.0,7.3,7.3
20.32,,2013-12-15 07:00:00,-3.99,0.25,clear-night,0,0,,Clear,27.22,1387062000,0.0,6.206,14.0,6.26,6.26
20.84,0.63,2013-12-15 08:00:00,-3.89,0.26,partly-cloudy-day,0,0,1034.72,Mostly Cloudy,26.45,1387065600,0.0,6.206,11.0,7.01,4.72
25.96,,2013-12-15 09:00:00,-2.58,0.25,clear-night,0,0,,Clear,29.18,1387069200,,6.206,0.0,4.0,3.11
32.15,,2013-12-15 10:00:00,-3.4,0.21,clear-night,0,0,,Clear,32.15,1387072800,,6.206,15.0,4.0,2.61
33.62,0.25,2013-12-15 11:00:00,-4.19,0.17,partly-cloudy-day,0,0,1035.39,Partly Cloudy,35.98,1387076400,2.0,6.206,12.0,4.99,3.15
36.41,,2013-12-15 12:00:00,-5.19,0.15,clear-night,0,0,,Clear,38.43,1387080000,,6.206,2.0,4.99,3.15
38.97,,2013-12-15 13:00:00,-5.29,0.15,clear-night,0,0,,Clear,38.97,1387083600,,6.206,,4.0,1.04
40.32,0.25,2013-12-15 14:00:00,-4.84,0.14,partly-cloudy-day,0,0,1032.47,Partly Cloudy,40.32,1387087200,1.0,6.206,111.0,2.99,2.61
40.86,,2013-12-15 15:00:00,-2.97,0.15,clear-night,0,0,,Clear,40.86,1387090800,,6.206,173.0,4.99,1.58
36.56,,2013-12-15 16:00:00,-2.62,0.16,clear-night,0,0,,Clear,39.5,1387094400,,6.206,179.0,4.99,4.19
35.91,0.5,2013-12-15 17:00:00,-1.12,0.2,partly-cloudy-night,0,0,1033.4,Mostly Cloudy,35.91,1387098000,0.0,6.206,191.0,2.08,2.08
34.55,0.0,2013-12-15 18:00:00,1.05,0.24,clear-night,0,0,,Clear,34.55,1387101600,0.0,4.974,132.0,2.01,1.58
32.35,0.0,2013-12-15 19:00:00,4.77,0.31,clear-night,0,0,,Clear,32.35,1387105200,0.0,4.974,150.0,1.04,1.04
30.99,0.25,2013-12-15 20:00:00,4.72,0.32,partly-cloudy-night,0,0,1033.82,Partly Cloudy,30.99,1387108800,0.0,3.73,,0.0,0.0
29.91,0.0,2013-12-15 21:00:00,5.28,0.35,clear-night,0,0,,Clear,29.91,1387112400,0.0,3.73,,0.0,0.0
27.71,0.0,2013-12-15 22:00:00,5.51,0.38,clear-night,0,0,,Clear,27.71,1387116000,0.0,3.108,60.0,2.01,1.58
28.0,,2013-12-15 23:00:00,5.37,0.38,clear-night,0,0,1034.12,Clear,28.0,1387119600,0.0,3.108,50.0,1.04,1.04
26.63,0.0,2013-12-16 00:00:00,6.22,0.41,clear-night,0,0,,Clear,26.63,1387123200,0.0,3.73,,1.0,0.0
25.24,0.0,2013-12-16 01:00:00,5.05,0.41,clear-night,0,0,,Clear,25.24,1387126800,0.0,4.346,,1.0,0.0
26.08,,2013-12-16 02:00:00,5.96,0.42,clear-night,0,0,1033.23,Clear,26.08,1387130400,0.0,4.974,,1.0,0.0
24.71,0.0,2013-12-16 03:00:00,7.65,0.48,clear-night,0,0,,Clear,24.71,1387134000,0.0,4.346,0.0,7.99,1.04
22.81,0.0,2013-12-16 04:00:00,5.32,0.46,clear-night,0,0,,Clear,22.81,1387137600,0.0,4.346,0.0,2.99,2.08
21.98,,2013-12-16 05:00:00,5.88,0.49,clear-night,0,0,1031.68,Clear,21.98,1387141200,0.0,4.346,351.0,6.0,2.61
21.44,0.0,2013-12-16 06:00:00,4.81,0.48,clear-night,0,0,,Clear,21.44,1387144800,0.0,4.974,348.0,7.01,2.61
15.96,0.0,2013-12-16 07:00:00,5.69,0.49,clear-night,0,0,,Clear,21.73,1387148400,0.0,4.974,349.0,4.99,4.19
16.56,0.88,2013-12-16 08:00:00,5.37,0.5,cloudy,0,0,1032.3,Overcast,20.89,1387152000,0.0,4.974,0.0,4.0,3.11
23.11,0.0,2013-12-16 09:00:00,7.84,0.51,clear-day,0,0,,Clear,23.11,1387155600,0.0,4.974,4.0,6.0,2.61
26.68,0.0,2013-12-16 10:00:00,7.43,0.44,clear-day,0,0,,Clear,26.68,1387159200,1.0,4.346,359.0,4.0,2.61
29.95,0.75,2013-12-16 11:00:00,7.79,0.39,partly-cloudy-day,0,0,1032.02,Mostly Cloudy,29.95,1387162800,1.0,4.346,57.0,2.99,1.58
32.7,0.0,2013-12-16 12:00:00,4.51,0.3,clear-day,0,0,,Clear,32.7,1387166400,2.0,4.346,,0.0,0.0
33.75,0.0,2013-12-16 13:00:00,4.78,0.29,clear-day,0,0,,Clear,33.75,1387170000,2.0,4.346,92.0,2.01,0.54
35.15,0.75,2013-12-16 14:00:00,4.56,0.27,partly-cloudy-day,0,0,1029.42,Mostly Cloudy,35.15,1387173600,1.0,3.73,104.0,2.01,1.58
35.15,0.0,2013-12-16 15:00:00,5.74,0.29,clear-day,0,0,,Clear,35.15,1387177200,1.0,3.108,140.0,1.04,1.04
34.84,0.0,2013-12-16 16:00:00,7.43,0.31,clear-day,0,0,,Clear,34.84,1387180800,0.0,3.108,90.0,1.04,1.04
32.63,0.88,2013-12-16 17:00:00,7.78,0.35,cloudy,0,0,1029.42,Overcast,32.63,1387184400,0.0,2.488,71.0,1.04,1.04
31.26,0.0,2013-12-16 18:00:00,8.77,0.38,clear-night,0,0,,Clear,31.26,1387188000,0.0,2.488,90.0,1.04,1.04
31.26,0.0,2013-12-16 19:00:00,10.56,0.42,clear-night,0,0,,Clear,31.26,1387191600,0.0,2.488,90.0,1.04,1.04
31.26,0.88,2013-12-16 20:00:00,11.93,0.44,cloudy,0,0,1030.51,Overcast,31.26,1387195200,0.0,2.488,30.0,1.04,1.04
31.56,0.0,2013-12-16 21:00:00,11.79,0.43,clear-night,0,0,,Clear,31.56,1387198800,0.0,2.488,150.0,1.04,1.04
31.56,0.0,2013-12-16 22:00:00,12.61,0.45,clear-night,0,0,,Clear,31.56,1387202400,0.0,2.364,150.0,1.04,1.04
31.56,,2013-12-16 23:00:00,11.79,0.43,clear-night,0,0,1031.51,Clear,31.56,1387206000,0.0,2.364,60.0,1.04,1.04
30.74,0.0,2013-12-17 00:00:00,11.79,0.45,clear-night,0,0,,Clear,30.74,1387209600,0.0,2.364,350.0,2.08,2.08
29.38,0.0,2013-12-17 01:00:00,10.17,0.44,clear-night,0,0,,Clear,29.38,1387213200,0.0,2.175,0.0,2.08,2.08
29.38,,2013-12-17 02:00:00,11.57,0.47,clear-night,0,0,1031.68,Clear,29.38,1387216800,0.0,2.175,11.0,2.61,2.61
29.66,0.0,2013-12-17 03:00:00,11.1,0.45,clear-night,0,0,,Clear,29.66,1387220400,0.0,2.175,341.0,2.08,2.08
26.11,0.0,2013-12-17 04:00:00,11.1,0.44,clear-night,0,0,,Clear,30.48,1387224000,0.0,2.488,356.0,6.0,4.19
30.21,,2013-12-17 05:00:00,11.32,0.45,clear-night,0,0,1031.68,Clear,30.21,1387227600,0.0,3.108,0.0,7.01,2.61
27.89,0.0,2013-12-17 06:00:00,9.65,0.39,clear-night,0,0,,Clear,31.56,1387231200,0.0,4.346,60.0,10.99,3.72
24.79,,2013-12-17 07:00:00,5.83,0.33,clear-night,0,0,,Clear,31.88,1387234800,0.0,4.346,20.0,10.01,7.86
25.13,0.88,2013-12-17 08:00:00,5.51,0.32,cloudy,0,0,1033.0,Overcast,31.88,1387238400,0.0,6.206,39.0,8.99,7.33
24.81,,2013-12-17 09:00:00,5.51,0.32,clear-night,0,0,,Clear,31.88,1387242000,,6.206,23.0,10.01,7.83
24.19,,2013-12-17 10:00:00,2.66,0.28,clear-night,0,0,,Clear,31.88,1387245600,,6.206,23.0,10.01,8.86
27.41,0.88,2013-12-17 11:00:00,3.26,0.27,cloudy,0,0,1034.0,Overcast,33.75,1387249200,1.0,6.206,17.0,10.01,7.3
29.52,,2013-12-17 12:00:00,2.89,0.26,clear-night,0,0,,Clear,34.59,1387252800,,6.206,15.0,7.01,5.72
30.48,,2013-12-17 13:00:00,2.89,0.27,clear-night,0,0,,Clear,33.75,1387256400,,6.206,36.0,4.99,3.65
31.02,0.88,2013-12-17 14:00:00,2.98,0.25,cloudy,0,0,1032.19,Overcast,35.15,1387260000,1.0,6.206,47.0,4.99,4.72
32.14,,2013-12-17 15:00:00,2.26,0.24,clear-night,0,0,,Clear,35.68,1387263600,,6.206,29.0,7.99,4.19
31.17,,2013-12-17 16:00:00,2.26,0.25,clear-night,0,0,,Clear,34.84,1387267200,,6.206,63.0,7.01,4.19
30.17,0.88,2013-12-17 17:00:00,3.37,0.28,cloudy,0,0,1033.4,Overcast,32.93,1387270800,0.0,6.206,55.0,4.0,3.15
29.91,,2013-12-17 18:00:00,2.9,0.31,clear-night,0,0,,Clear,29.91,1387274400,0.0,6.206,41.0,6.0,2.61
24.84,,2013-12-17 19:00:00,-0.45,0.25,clear-night,0,0,,Clear,31.03,1387278000,0.0,6.206,64.0,8.99,6.3
23.01,0.25,2013-12-17 20:00:00,-1.78,0.26,partly-cloudy-night,0,0,1035.69,Partly Cloudy,29.13,1387281600,0.0,6.206,54.0,7.01,5.76
21.24,,2013-12-17 21:00:00,-1.98,0.28,clear-night,0,0,,Clear,27.22,1387285200,0.0,6.206,42.0,6.0,5.23
16.81,,2013-12-17 22:00:00,-2.18,0.3,clear-night,0,0,,Clear,25.32,1387288800,0.0,6.206,51.0,7.99,7.86
14.47,,2013-12-17 23:00:00,-2.48,0.32,clear-night,0,0,1037.33,Clear,23.4,1387292400,0.0,6.206,36.0,10.01,7.86
14.87,,2013-12-18 00:00:00,-2.18,0.32,clear-night,0,0,,Clear,23.4,1387296000,0.0,6.206,37.0,10.01,7.33
13.19,,2013-12-18 01:00:00,-2.33,0.34,clear-night,0,0,,Clear,22.04,1387299600,0.0,6.206,32.0,10.99,7.37
13.02,,2013-12-18 02:00:00,-1.69,0.35,clear-night,0,0,1036.82,Clear,21.5,1387303200,0.0,6.206,34.0,10.01,6.79
12.32,,2013-12-18 03:00:00,-1.59,0.38,clear-night,0,0,,Clear,20.12,1387306800,0.0,6.206,27.0,8.99,5.76
14.21,,2013-12-18 04:00:00,-1.49,0.39,clear-night,0,0,,Clear,19.57,1387310400,0.0,6.206,22.0,4.99,3.65
12.84,,2013-12-18 05:00:00,-2.98,0.39,clear-night,0,0,1035.82,Clear,17.62,1387314000,0.0,6.206,0.0,3.11,3.11
10.37,,2013-12-18 06:00:00,-1.49,0.45,clear-night,0,0,,Clear,16.22,1387317600,0.0,6.206,340.0,4.0,3.65
11.78,,2013-12-18 07:00:00,-1.39,0.41,clear-night,0,0,,Clear,18.16,1387321200,0.0,6.206,324.0,12.01,4.23
11.09,,2013-12-18 08:00:00,-1.19,0.35,clear-night,0,0,1035.39,Clear,22.04,1387324800,,6.206,306.0,10.99,10.48
15.85,,2013-12-18 09:00:00,-1.34,0.32,clear-night,0,0,,Clear,24.24,1387328400,,6.206,334.0,14.0,7.37
18.55,,2013-12-18 10:00:00,-1.04,0.3,clear-night,0,0,,Clear,26.15,1387332000,,6.206,334.0,12.01,6.88
21.45,,2013-12-18 11:00:00,-0.79,0.27,clear-night,0,0,1034.42,Clear,28.87,1387335600,,6.206,326.0,10.01,7.37
23.25,,2013-12-18 12:00:00,-3.85,0.21,clear-night,0,0,,Clear,31.62,1387339200,,6.206,330.0,14.99,10.01
26.7,,2013-12-18 13:00:00,-4.25,0.2,clear-night,0,0,,Clear,31.88,1387342800,,6.206,328.0,10.99,5.26
30.17,0.25,2013-12-18 14:00:00,-1.74,0.22,partly-cloudy-day,0,0,1030.62,Partly Cloudy,32.93,1387346400,1.0,6.206,56.0,7.99,3.15
29.51,,2013-12-18 15:00:00,-3.3,0.21,clear-night,0,0,,Clear,32.93,1387350000,,6.206,136.0,7.01,3.68
27.36,,2013-12-18 16:00:00,1.93,0.28,clear-night,0,0,,Clear,31.56,1387353600,,6.206,87.0,6.0,4.19
28.83,0.5,2013-12-18 17:00:00,1.7,0.31,partly-cloudy-night,0,0,1029.53,Mostly Cloudy,28.83,1387357200,0.0,6.206,80.0,2.08,2.08
23.34,,2013-12-18 18:00:00,0.86,0.32,clear-night,0,0,,Clear,26.92,1387360800,0.0,6.206,98.0,4.99,3.15
25.55,,2013-12-18 19:00:00,1.1,0.34,clear-night,0,0,,Clear,25.55,1387364400,0.0,6.206,90.0,2.08,2.08
25.01,0.75,2013-12-18 20:00:00,2.15,0.37,partly-cloudy-night,0,0,1029.8,Mostly Cloudy,25.01,1387368000,0.0,6.206,87.0,2.61,2.61
22.5,,2013-12-18 21:00:00,2.43,0.41,clear-night,0,0,,Clear,22.5,1387371600,0.0,6.206,24.0,2.61,2.61
22.81,,2013-12-18 22:00:00,3.06,0.42,clear-night,0,0,,Clear,22.81,1387375200,0.0,6.206,92.0,4.0,2.12
18.67,,2013-12-18 23:00:00,1.95,0.4,clear-night,0,0,1030.73,Clear,22.81,1387378800,0.0,6.206,18.0,4.99,3.15
14.06,,2013-12-19 00:00:00,2.33,0.44,clear-night,0,0,,Clear,20.62,1387382400,0.0,6.206,13.0,4.69,4.69
16.64,,2013-12-19 01:00:00,2.14,0.42,clear-night,0,0,,Clear,21.73,1387386000,0.0,6.206,13.0,7.01,3.68
12.4,,2013-12-19 02:00:00,2.19,0.48,clear-night,0,0,1030.73,Clear,18.7,1387389600,0.0,6.206,31.0,7.99,4.23
13.77,,2013-12-19 03:00:00,1.1,0.43,clear-night,0,0,,Clear,19.84,1387393200,0.0,6.206,23.0,4.19,4.19
18.16,,2013-12-19 04:00:00,-0.25,0.44,clear-night,0,0,,Clear,18.16,1387396800,0.0,6.206,6.0,6.0,2.61
10.23,,2013-12-19 05:00:00,0.32,0.48,clear-night,0,0,1030.62,Clear,16.78,1387400400,0.0,6.206,0.0,7.99,4.19
9.9,,2013-12-19 06:00:00,-0.45,0.45,clear-night,0,0,,Clear,17.06,1387404000,0.0,6.206,10.0,6.0,4.69
13.51,,2013-12-19 07:00:00,0.12,0.44,clear-night,0,0,,Clear,18.2,1387407600,0.0,6.206,0.0,3.11,3.11
11.03,,2013-12-19 08:00:00,0.12,0.43,clear-night,0,0,1031.68,Clear,19.04,1387411200,,6.206,39.0,7.99,5.76
14.46,,2013-12-19 09:00:00,0.61,0.4,clear-night,0,0,,Clear,20.96,1387414800,,6.206,34.0,6.0,4.69
17.72,,2013-12-19 10:00:00,1.0,0.36,clear-night,0,0,,Clear,24.24,1387418400,,6.206,38.0,6.0,5.23
19.48,,2013-12-19 11:00:00,-0.06,0.32,clear-night,0,0,1032.13,Clear,26.15,1387422000,,6.206,55.0,7.99,5.76
24.86,,2013-12-19 12:00:00,0.43,0.28,clear-night,0,0,,Clear,29.4,1387425600,,6.206,43.0,7.01,4.19
25.49,,2013-12-19 13:00:00,0.19,0.27,clear-night,0,0,,Clear,29.95,1387429200,,6.206,31.0,4.99,4.19
27.74,,2013-12-19 14:00:00,-0.01,0.25,clear-night,0,0,1029.8,Clear,31.88,1387432800,,6.206,79.0,7.01,4.19
29.58,,2013-12-19 15:00:00,-1.65,0.23,clear-night,0,0,,Clear,32.42,1387436400,,6.206,68.0,4.0,3.15
28.31,,2013-12-19 16:00:00,-0.84,0.24,clear-night,0,0,,Clear,31.88,1387440000,,6.206,55.0,7.01,3.68
29.66,,2013-12-19 17:00:00,-0.94,0.26,clear-night,0,0,1030.78,Clear,29.66,1387443600,0.0,6.206,140.0,2.01,1.58
27.46,,2013-12-19 18:00:00,0.19,0.3,clear-night,0,0,,Clear,27.46,1387447200,0.0,6.206,161.0,1.04,1.04
29.4,,2013-12-19 19:00:00,1.91,0.3,clear-night,0,0,,Clear,29.4,1387450800,0.0,6.206,210.0,2.08,2.08
26.92,,2013-12-19 20:00:00,1.58,0.33,clear-night,0,0,1032.13,Clear,26.92,1387454400,0.0,6.206,191.0,2.08,2.08
23.64,,2013-12-19 21:00:00,3.35,0.41,clear-night,0,0,,Clear,23.64,1387458000,0.0,6.206,0.0,2.08,2.08
21.98,0.0,2013-12-19 22:00:00,2.8,0.43,clear-night,0,0,,Clear,21.98,1387461600,0.0,4.974,0.0,2.08,2.08
16.25,,2013-12-19 23:00:00,2.62,0.45,clear-night,0,0,1032.88,Clear,20.62,1387465200,0.0,4.974,0.0,3.11,3.11
15.97,0.0,2013-12-20 00:00:00,2.1,0.44,clear-night,0,0,,Clear,20.37,1387468800,0.0,4.974,0.0,3.11,3.11
18.81,,2013-12-20 01:00:00,3.65,0.43,clear-night,0,0,,Clear,22.88,1387472400,0.0,4.974,20.0,3.11,3.11
20.35,,2013-12-20 02:00:00,2.66,0.39,clear-night,0,0,1033.23,Clear,24.24,1387476000,0.0,6.206,30.0,3.11,3.11
13.06,,2013-12-20 03:00:00,1.29,0.45,clear-night,0,0,,Clear,19.22,1387479600,0.0,6.206,356.0,6.0,4.19
12.39,,2013-12-20 04:00:00,1.85,0.46,clear-night,0,0,,Clear,19.22,1387483200,0.0,6.206,333.0,6.0,4.72
15.32,,2013-12-20 05:00:00,2.14,0.42,clear-night,0,0,1033.23,Clear,21.73,1387486800,0.0,6.206,6.0,7.01,4.72
13.44,,2013-12-20 06:00:00,1.9,0.46,clear-night,0,0,,Clear,19.55,1387490400,0.0,6.206,15.0,4.19,4.19
17.86,,2013-12-20 07:00:00,2.71,0.51,clear-night,0,0,,Clear,17.86,1387494000,0.0,6.206,16.0,4.0,2.61
18.16,,2013-12-20 08:00:00,3.54,0.52,clear-night,0,0,1034.9,Clear,18.16,1387497600,,6.206,0.0,4.0,2.08
19.88,,2013-12-20 09:00:00,5.41,0.41,clear-night,0,0,,Clear,25.62,1387501200,,6.206,4.0,7.01,4.72
24.33,,2013-12-20 10:00:00,4.52,0.34,clear-night,0,0,,Clear,29.4,1387504800,,6.206,35.0,4.69,4.69
28.68,,2013-12-20 11:00:00,2.17,0.27,clear-night,0,0,1035.51,Clear,32.7,1387508400,,6.206,36.0,4.99,4.19
29.38,,2013-12-20 12:00:00,1.7,0.25,clear-night,0,0,,Clear,33.75,1387512000,,6.206,58.0,8.99,4.72
28.5,,2013-12-20 13:00:00,0.45,0.24,clear-night,0,0,,Clear,33.75,1387515600,,6.206,54.0,8.99,5.76
35.68,,2013-12-20 14:00:00,0.59,0.22,clear-night,0,0,1033.82,Clear,35.68,1387519200,,6.206,30.0,4.0,2.08
31.65,,2013-12-20 15:00:00,0.16,0.22,clear-night,0,0,,Clear,35.68,1387522800,,6.206,52.0,4.99,4.72
34.84,,2013-12-20 16:00:00,0.16,0.22,clear-night,0,0,,Clear,34.84,1387526400,,6.206,78.0,2.99,2.61
32.08,,2013-12-20 17:00:00,1.72,0.27,clear-night,0,0,1034.72,Clear,32.08,1387530000,0.0,6.206,110.0,1.04,1.04
29.91,,2013-12-20 18:00:00,2.9,0.31,clear-night,0,0,,Clear,29.91,1387533600,0.0,6.206,350.0,1.04,1.04
28.97,,2013-12-20 19:00:00,4.81,0.31,clear-night,0,0,,Clear,31.88,1387537200,0.0,6.206,333.0,3.15,3.15
27.16,,2013-12-20 20:00:00,4.34,0.37,clear-night,0,0,1036.13,Clear,27.16,1387540800,0.0,6.206,20.0,2.99,2.08
23.06,,2013-12-20 21:00:00,3.55,0.37,clear-night,0,0,,Clear,26.63,1387544400,0.0,6.206,11.0,3.11,3.11
23.37,,2013-12-20 22:00:00,4.52,0.35,clear-night,0,0,,Clear,28.58,1387548000,0.0,6.206,35.0,4.69,4.69
26.92,,2013-12-20 23:00:00,2.52,0.34,clear-night,0,0,1037.58,Clear,26.92,1387551600,0.0,6.206,34.0,2.99,2.61
26.39,,2013-12-21 00:00:00,2.05,0.34,clear-night,0,0,,Clear,26.39,1387555200,0.0,6.206,7.0,6.0,2.12
19.16,,2013-12-21 01:00:00,1.58,0.36,clear-night,0,0,,Clear,25.01,1387558800,0.0,6.206,33.0,6.0,4.72
20.1,,2013-12-21 02:00:00,1.86,0.34,clear-night,0,0,1037.33,Clear,26.68,1387562400,0.0,6.206,42.0,7.01,5.76
17.37,,2013-12-21 03:00:00,1.48,0.36,clear-night,0,0,,Clear,24.79,1387566000,0.0,6.206,38.0,7.99,6.3
19.41,,2013-12-21 04:00:00,1.53,0.38,clear-night,0,0,,Clear,23.4,1387569600,0.0,6.206,20.0,4.0,3.11
15.03,,2013-12-21 05:00:00,1.05,0.44,clear-night,0,0,1037.01,Clear,19.55,1387573200,0.0,6.206,350.0,3.11,3.11
14.52,,2013-12-21 06:00:00,1.95,0.45,clear-night,0,0,,Clear,19.84,1387576800,0.0,6.206,325.0,3.65,3.65
19.84,,2013-12-21 07:00:00,2.43,0.46,clear-night,0,0,,Clear,19.84,1387580400,0.0,6.206,344.0,4.0,2.61
13.82,,2013-12-21 08:00:00,4.1,0.5,clear-night,0,0,1037.07,Clear,19.84,1387584000,,6.206,350.0,4.99,4.15
18.09,,2013-12-21 09:00:00,4.39,0.41,clear-night,0,0,,Clear,24.55,1387587600,,6.206,5.0,6.0,5.23
22.06,,2013-12-21 10:00:00,2.71,0.33,clear-night,0,0,,Clear,28.32,1387591200,,6.206,31.0,6.0,5.76
30.8,0.25,2013-12-21 11:00:00,1.23,0.28,partly-cloudy-day,0,0,1037.01,Partly Cloudy,30.8,1387594800,1.0,6.206,23.0,4.0,2.61
33.23,,2013-12-21 12:00:00,0.77,0.25,clear-night,0,0,,Clear,33.23,1387598400,,6.206,41.0,4.0,2.08
35.15,,2013-12-21 13:00:00,0.96,0.23,clear-night,0,0,,Clear,35.15,1387602000,,6.206,257.0,2.99,2.61
35.68,0.75,2013-12-21 14:00:00,0.59,0.22,partly-cloudy-day,0,0,1034.0,Mostly Cloudy,35.68,1387605600,1.0,6.206,270.0,2.08,2.08
38.97,,2013-12-21 15:00:00,1.1,0.2,clear-night,0,0,,Clear,38.97,1387609200,,6.206,286.0,10.44,2.61
36.2,,2013-12-21 16:00:00,0.63,0.22,clear-night,0,0,,Clear,36.2,1387612800,,6.206,200.0,8.86,2.08
34.84,0.88,2013-12-21 17:00:00,3.08,0.26,cloudy,0,0,1034.0,Overcast,34.84,1387616400,0.0,6.206,191.0,2.08,2.08
29.25,,2013-12-21 18:00:00,6.15,0.33,clear-night,0,0,,Clear,32.08,1387620000,0.0,6.206,180.0,3.11,3.11
31.56,,2013-12-21 19:00:00,6.64,0.34,clear-night,0,0,,Clear,31.56,1387623600,0.0,6.206,170.0,2.08,2.08
30.21,0.88,2013-12-21 20:00:00,7.39,0.38,cloudy,0,0,1034.3,Overcast,30.21,1387627200,0.0,4.974,191.0,2.08,2.08
29.13,0.0,2013-12-21 21:00:00,6.66,0.38,clear-night,0,0,,Clear,29.13,1387630800,0.0,4.346,191.0,2.08,2.08
26.63,0.0,2013-12-21 22:00:00,6.06,0.41,clear-night,0,0,,Clear,26.63,1387634400,0.0,3.73,,2.01,0.0
24.17,,2013-12-21 23:00:00,6.39,0.46,clear-night,0,0,1034.42,Clear,24.17,1387638000,0.0,3.73,11.0,1.04,1.04
21.98,0.0,2013-12-22 00:00:00,6.66,0.51,clear-night,0,0,,Clear,21.98,1387641600,0.0,3.108,80.0,1.04,1.04
22.81,0.0,2013-12-22 01:00:00,7.47,0.51,clear-night,0,0,,Clear,22.81,1387645200,0.0,3.108,,0.0,0.0
22.27,,2013-12-22 02:00:00,7.52,0.53,clear-night,0,0,1033.82,Clear,22.27,1387648800,0.0,3.108,11.0,2.08,2.08
21.73,0.0,2013-12-22 03:00:00,6.66,0.52,clear-night,0,0,,Clear,21.73,1387652400,0.0,3.73,13.0,2.99,2.61
20.89,0.0,2013-12-22 04:00:00,5.37,0.5,clear-night,0,0,,Clear,20.89,1387656000,0.0,3.73,354.0,2.01,1.58
19.55,,2013-12-22 05:00:00,5.32,0.53,clear-night,0,0,1033.52,Clear,19.55,1387659600,0.0,4.974,341.0,4.99,2.08
19.84,,2013-12-22 06:00:00,5.32,0.53,clear-night,0,0,,Clear,19.84,1387663200,0.0,4.974,340.0,2.99,2.61
14.47,,2013-12-22 07:00:00,4.86,0.52,clear-night,0,0,,Clear,19.84,1387666800,0.0,6.206,18.0,6.0,3.68
19.01,0.88,2013-12-22 08:00:00,4.24,0.52,cloudy,0,0,1034.0,Overcast,19.01,1387670400,0.0,6.206,0.0,2.99,2.08
20.67,,2013-12-22 09:00:00,6.74,0.54,clear-night,0,0,,Clear,20.67,1387674000,,6.206,1.0,2.99,2.61
24.79,,2013-12-22 10:00:00,7.24,0.47,clear-night,0,0,,Clear,24.79,1387677600,,6.206,25.0,2.99,1.58
28.58,0.38,2013-12-22 11:00:00,6.48,0.39,partly-cloudy-day,0,0,1034.0,Partly Cloudy,28.58,1387681200,1.0,6.206,12.0,4.99,2.12
31.88,0.0,2013-12-22 12:00:00,6.34,0.34,clear-day,0,0,,Clear,31.88,1387684800,2.0,4.346,80.0,4.0,2.12
33.75,0.0,2013-12-22 13:00:00,4.56,0.29,clear-day,0,0,,Clear,33.75,1387688400,2.0,4.346,,2.01,1.04
35.68,0.5,2013-12-22 14:00:00,5.52,0.28,partly-cloudy-day,0,0,1031.0,Mostly Cloudy,35.68,1387692000,1.0,3.73,159.0,2.01,1.58
34.84,0.0,2013-12-22 15:00:00,6.23,0.3,clear-day,0,0,,Clear,34.84,1387695600,1.0,3.73,150.0,2.08,2.08
33.49,0.0,2013-12-22 16:00:00,6.95,0.32,clear-day,0,0,,Clear,33.49,1387699200,0.0,3.108,131.0,2.08,2.08
31.26,0.0,2013-12-22 17:00:00,9.42,0.39,clear-night,0,0,1031.0,Clear,31.26,1387702800,0.0,3.108,89.0,2.01,1.58
29.38,0.0,2013-12-22 18:00:00,10.73,0.45,clear-night,0,0,,Clear,29.38,1387706400,0.0,2.488,95.0,2.01,1.58
28.0,0.0,2013-12-22 19:00:00,11.87,0.5,clear-night,0,0,,Clear,28.0,1387710000,0.0,2.488,80.0,1.04,1.04
26.63,0.0,2013-12-22 20:00:00,12.62,0.55,clear-night,0,0,1031.39,Clear,26.63,1387713600,0.0,2.488,71.0,1.04,1.04
24.71,0.0,2013-12-22 21:00:00,12.29,0.59,fog,0,0,,Foggy,24.71,1387717200,0.0,1.862,,2.01,0.0
24.71,0.0,2013-12-22 22:00:00,11.62,0.57,fog,0,0,,Foggy,24.71,1387720800,0.0,1.862,,1.0,0.0
22.81,,2013-12-22 23:00:00,9.99,0.57,fog,0,0,1031.9,Foggy,22.81,1387724400,0.0,1.862,60.0,1.04,1.04
21.44,0.0,2013-12-23 00:00:00,8.9,0.58,fog,0,0,,Foggy,21.44,1387728000,0.0,1.862,20.0,2.01,1.04
17.18,0.0,2013-12-23 01:00:00,9.07,0.58,fog,0,0,,Foggy,21.44,1387731600,0.0,1.862,0.0,3.11,3.11
20.89,,2013-12-23 02:00:00,7.38,0.55,clear-night,0,0,1031.39,Clear,20.89,1387735200,0.0,2.488,350.0,2.08,2.08
20.07,0.0,2013-12-23 03:00:00,7.16,0.57,clear-night,0,0,,Clear,20.07,1387738800,0.0,3.108,330.0,2.08,2.08
14.19,0.0,2013-12-23 04:00:00,6.06,0.55,clear-night,0,0,,Clear,19.55,1387742400,0.0,4.346,320.0,3.65,3.65
15.32,,2013-12-23 05:00:00,7.47,0.54,clear-night,0,0,1031.11,Clear,21.73,1387746000,0.0,4.974,327.0,7.01,4.72
13.21,,2013-12-23 06:00:00,5.61,0.56,clear-night,0,0,,Clear,18.7,1387749600,0.0,4.974,350.0,4.99,3.65
14.06,,2013-12-23 07:00:00,5.6,0.52,clear-night,0,0,,Clear,20.62,1387753200,0.0,6.206,354.0,12.01,4.69
15.72,,2013-12-23 08:00:00,6.66,0.51,clear-night,0,0,1031.79,Clear,22.04,1387756800,,6.206,354.0,6.0,4.69
23.32,,2013-12-23 09:00:00,8.8,0.45,clear-night,0,0,,Clear,27.51,1387760400,,6.206,4.0,3.65,3.65
29.66,,2013-12-23 10:00:00,7.08,0.32,clear-night,0,0,,Clear,33.54,1387764000,,6.206,21.0,4.99,4.19
31.7,,2013-12-23 11:00:00,6.71,0.28,clear-night,0,0,1032.82,Clear,37.04,1387767600,,6.206,21.0,7.01,6.79
34.35,,2013-12-23 12:00:00,6.93,0.26,clear-night,0,0,,Clear,38.97,1387771200,,6.206,26.0,6.26,6.26
37.72,,2013-12-23 13:00:00,7.06,0.24,clear-night,0,0,,Clear,40.86,1387774800,,6.206,57.0,4.99,4.69
39.3,,2013-12-23 14:00:00,6.32,0.22,clear-night,0,0,1031.11,Clear,42.23,1387778400,,6.206,73.0,6.0,4.72
40.84,,2013-12-23 15:00:00,6.36,0.22,clear-night,0,0,,Clear,42.77,1387782000,,6.206,69.0,4.99,3.65
41.94,,2013-12-23 16:00:00,5.04,0.21,clear-night,0,0,,Clear,41.94,1387785600,,6.206,71.0,2.99,2.08
37.51,,2013-12-23 17:00:00,5.84,0.26,clear-night,0,0,1032.47,Clear,37.51,1387789200,0.0,6.206,150.0,2.08,2.08
32.97,,2013-12-23 18:00:00,6.71,0.3,clear-night,0,0,,Clear,35.36,1387792800,0.0,6.206,170.0,3.11,3.11
33.17,0.0,2013-12-23 19:00:00,8.08,0.34,clear-night,0,0,,Clear,33.17,1387796400,0.0,4.974,161.0,2.08,2.08
31.81,0.0,2013-12-23 20:00:00,9.89,0.39,clear-night,0,0,1034.72,Clear,31.81,1387800000,0.0,4.346,170.0,2.01,1.04
29.6,0.0,2013-12-23 21:00:00,10.57,0.44,clear-night,0,0,,Clear,29.6,1387803600,0.0,3.73,170.0,2.99,1.58
29.08,0.0,2013-12-23 22:00:00,11.77,0.48,clear-night,0,0,,Clear,29.08,1387807200,0.0,3.108,,1.04,1.04
26.32,,2013-12-23 23:00:00,11.02,0.52,clear-night,0,0,1035.69,Clear,26.32,1387810800,0.0,2.488,90.0,1.04,1.04
25.24,0.0,2013-12-24 00:00:00,10.44,0.53,clear-night,0,0,,Clear,25.24,1387814400,0.0,2.488,41.0,1.04,1.04
24.71,0.0,2013-12-24 01:00:00,10.4,0.54,clear-night,0,0,,Clear,24.71,1387818000,0.0,2.175,90.0,1.04,1.04
22.22,,2013-12-24 02:00:00,9.59,0.58,clear-night,0,0,1035.88,Clear,22.22,1387821600,0.0,2.175,11.0,1.04,1.04
21.98,0.0,2013-12-24 03:00:00,9.16,0.57,fog,0,0,,Foggy,21.98,1387825200,0.0,1.862,,2.99,0.0
21.15,0.0,2013-12-24 04:00:00,8.57,0.58,fog,0,0,,Foggy,21.15,1387828800,0.0,1.862,11.0,1.04,1.04
21.44,,2013-12-24 05:00:00,9.55,0.6,fog,0,0,1035.57,Foggy,21.44,1387832400,0.0,1.989,,2.01,0.0
20.07,0.0,2013-12-24 06:00:00,9.25,0.62,clear-night,0,0,,Clear,20.07,1387836000,0.0,2.175,20.0,2.08,2.08
19.55,0.0,2013-12-24 07:00:00,9.16,0.63,clear-night,0,0,,Clear,19.55,1387839600,0.0,2.796,0.0,2.08,2.08
19.55,0.75,2013-12-24 08:00:00,10.77,0.68,partly-cloudy-day,0,0,1036.32,Mostly Cloudy,19.55,1387843200,0.0,2.796,30.0,2.08,2.08
22.04,0.0,2013-12-24 09:00:00,11.02,0.62,clear-day,0,0,,Clear,22.04,1387846800,0.0,2.796,348.0,2.99,2.61
24.79,0.0,2013-12-24 10:00:00,12.7,0.6,clear-day,0,0,,Clear,24.79,1387850400,1.0,2.796,347.0,2.99,2.61
28.32,0.88,2013-12-24 11:00:00,13.07,0.52,cloudy,0,0,1036.5,Overcast,28.32,1387854000,1.0,2.796,0.0,2.08,2.08
31.34,0.0,2013-12-24 12:00:00,14.53,0.49,clear-day,0,0,,Clear,31.34,1387857600,2.0,2.175,,1.04,1.04
31.88,0.0,2013-12-24 13:00:00,15.79,0.51,fog,0,0,,Foggy,31.88,1387861200,2.0,1.989,77.0,2.99,1.58
33.23,0.88,2013-12-24 14:00:00,16.25,0.49,fog,0,0,1033.0,Foggy,33.23,1387864800,1.0,1.989,208.0,2.01,1.58
33.23,0.0,2013-12-24 15:00:00,16.71,0.5,fog,0,0,,Foggy,33.23,1387868400,1.0,1.74,116.0,2.01,1.58
32.42,0.0,2013-12-24 16:00:00,16.1,0.51,fog,0,0,,Foggy,32.42,1387872000,0.0,1.74,,1.04,1.04
30.74,0.88,2013-12-24 17:00:00,17.12,0.57,fog,0,0,1031.62,Foggy,30.74,1387875600,0.0,1.74,90.0,1.04,1.04
28.0,0.0,2013-12-24 18:00:00,16.55,0.62,fog,0,0,,Foggy,28.0,1387879200,0.0,1.74,350.0,4.99,2.61
28.0,0.0,2013-12-24 19:00:00,16.97,0.63,fog,0,0,,Foggy,28.0,1387882800,0.0,1.555,20.0,1.04,1.04
28.0,0.88,2013-12-24 20:00:00,17.16,0.63,fog,0,0,1031.79,Foggy,28.0,1387886400,0.0,1.555,1.0,2.99,2.61
26.92,0.0,2013-12-24 21:00:00,17.6,0.68,fog,0,0,,Foggy,26.92,1387890000,0.0,1.429,20.0,1.04,1.04
26.92,0.0,2013-12-24 22:00:00,17.6,0.68,fog,0,0,,Foggy,26.92,1387893600,0.0,1.244,20.0,2.01,1.04
25.01,,2013-12-24 23:00:00,17.1,0.72,fog,0,0,1031.51,Foggy,25.01,1387897200,0.0,1.244,,2.01,0.0
24.17,0.0,2013-12-25 00:00:00,16.25,0.71,fog,0,0,,Foggy,24.17,1387900800,0.0,1.244,11.0,2.08,2.08
23.33,0.0,2013-12-25 01:00:00,15.25,0.71,fog,0,0,,Foggy,23.33,1387904400,0.0,1.244,357.0,2.61,2.61
22.81,,2013-12-25 02:00:00,14.7,0.71,fog,0,0,1029.58,Foggy,22.81,1387908000,0.0,1.244,0.0,2.08,2.08
22.27,0.0,2013-12-25 03:00:00,15.42,0.75,fog,0,0,,Foggy,22.27,1387911600,0.0,1.244,0.0,2.08,2.08
22.27,0.0,2013-12-25 04:00:00,15.22,0.74,fog,0,0,,Foggy,22.27,1387915200,0.0,1.244,352.0,2.61,2.61
22.27,,2013-12-25 05:00:00,15.22,0.74,fog,0,0,1028.21,Foggy,22.27,1387918800,0.0,1.244,350.0,2.08,2.08
16.56,0.0,2013-12-25 06:00:00,13.4,0.72,fog,0,0,,Foggy,20.89,1387922400,0.0,1.244,330.0,3.11,3.11
21.44,0.0,2013-12-25 07:00:00,13.76,0.72,fog,0,0,,Foggy,21.44,1387926000,0.0,1.244,348.0,4.99,2.61
15.73,0.38,2013-12-25 08:00:00,13.56,0.73,fog,0,0,1028.78,Foggy,20.89,1387929600,0.0,1.244,357.0,4.0,3.65
16.34,0.0,2013-12-25 09:00:00,15.42,0.74,fog,0,0,,Foggy,22.56,1387933200,0.0,1.244,1.0,6.0,4.69
26.15,0.0,2013-12-25 10:00:00,17.41,0.69,fog,0,0,,Foggy,26.15,1387936800,1.0,1.555,0.0,2.08,2.08
26.12,0.5,2013-12-25 11:00:00,16.86,0.58,fog,0,0,1027.9,Foggy,29.95,1387940400,1.0,1.862,332.0,3.65,3.65
30.27,0.0,2013-12-25 12:00:00,16.51,0.48,clear-day,0,0,,Clear,34.07,1387944000,2.0,2.175,333.0,4.19,4.19
35.86,0.0,2013-12-25 13:00:00,16.17,0.4,fog,0,0,,Foggy,38.43,1387947600,2.0,1.862,333.0,3.65,3.65
39.55,0.5,2013-12-25 14:00:00,11.92,0.28,partly-cloudy-day,0,0,1024.8,Mostly Cloudy,43.06,1387951200,1.0,3.108,327.0,6.0,5.76
38.57,0.0,2013-12-25 15:00:00,8.87,0.24,clear-day,0,0,,Clear,42.77,1387954800,1.0,3.73,312.0,12.01,6.83
36.22,,2013-12-25 16:00:00,4.6,0.21,clear-night,0,0,,Clear,42.23,1387958400,,3.73,297.0,19.95,10.44
30.79,0.88,2013-12-25 17:00:00,-0.22,0.19,cloudy,0,0,1026.19,Overcast,38.97,1387962000,0.0,6.206,309.0,20.45,14.13
28.04,,2013-12-25 18:00:00,-1.04,0.2,clear-night,0,0,,Clear,36.2,1387965600,0.0,6.206,323.0,18.0,12.08
24.53,,2013-12-25 19:00:00,-2.42,0.21,clear-night,0,0,,Clear,33.75,1387969200,0.0,6.206,319.0,16.99,13.12
17.5,,2013-12-25 20:00:00,-4.71,0.22,clear-night,0,0,1030.01,Clear,29.95,1387972800,0.0,6.206,325.0,21.0,19.31
15.9,,2013-12-25 21:00:00,-5.23,0.23,clear-night,0,0,,Clear,28.05,1387976400,0.0,6.206,332.0,26.15,16.66
13.56,,2013-12-25 22:00:00,-6.11,0.23,clear-night,0,0,,Clear,26.68,1387980000,0.0,6.206,327.0,28.83,18.28
13.92,,2013-12-25 23:00:00,-5.28,0.24,clear-night,0,0,1032.42,Clear,26.68,1387983600,0.0,6.206,334.0,29.89,17.24
10.72,,2013-12-26 00:00:00,-7.62,0.22,clear-night,0,0,,Windy,26.39,1387987200,0.0,6.206,320.0,,26.84
9.52,,2013-12-26 01:00:00,-7.62,0.23,clear-night,0,0,,Clear,24.59,1387990800,0.0,6.206,330.0,35.78,22.38
9.52,,2013-12-26 02:00:00,-5.78,0.26,clear-night,0,0,1033.0,Clear,24.59,1387994400,0.0,6.206,330.0,,22.38
9.52,,2013-12-26 03:00:00,-7.62,0.23,clear-night,0,0,,Clear,24.59,1387998000,0.0,6.206,330.0,33.54,22.38
8.63,,2013-12-26 04:00:00,-7.62,0.25,clear-night,0,0,,Clear,22.78,1388001600,0.0,6.206,330.0,,17.9
7.85,,2013-12-26 05:00:00,-7.62,0.25,clear-night,0,0,1034.12,Clear,22.78,1388005200,0.0,6.206,330.0,,20.12
9.51,,2013-12-26 06:00:00,-9.39,0.23,clear-night,0,0,,Clear,22.78,1388008800,0.0,6.206,330.0,,15.65
8.63,,2013-12-26 07:00:00,-9.39,0.23,clear-night,0,0,,Clear,22.78,1388012400,0.0,6.206,330.0,,17.9
8.63,,2013-12-26 08:00:00,-9.39,0.23,clear-night,0,0,1036.13,Clear,22.78,1388016000,,6.206,330.0,,17.9
14.14,,2013-12-26 09:00:00,-9.39,0.2,clear-night,0,0,,Clear,26.39,1388019600,,6.206,330.0,,15.65
14.93,,2013-12-26 10:00:00,-9.39,0.19,clear-night,0,0,,Clear,28.17,1388023200,,6.206,330.0,,20.12
17.25,,2013-12-26 11:00:00,-9.39,0.17,clear-night,0,0,1036.13,Clear,29.94,1388026800,,6.206,330.0,,20.12
20.85,,2013-12-26 12:00:00,-14.8,0.11,clear-night,0,0,,Clear,33.55,1388030400,,6.206,320.0,,24.6
24.36,,2013-12-26 13:00:00,-14.8,0.11,clear-night,0,0,,Clear,35.36,1388034000,,6.206,341.0,33.54,20.12
23.27,,2013-12-26 14:00:00,-13.03,0.12,clear-night,0,0,1033.7,Clear,35.36,1388037600,,6.206,341.0,33.54,24.6
23.79,,2013-12-26 15:00:00,-14.8,0.11,clear-night,0,0,,Clear,35.36,1388041200,,6.206,341.0,,22.38
23.79,,2013-12-26 16:00:00,-13.03,0.12,clear-night,0,0,,Clear,35.36,1388044800,,6.206,320.0,,22.38
22.62,,2013-12-26 17:00:00,-13.03,0.12,clear-night,0,0,1033.82,Clear,33.55,1388048400,0.0,6.206,341.0,,17.9
19.06,,2013-12-26 18:00:00,-13.03,0.13,clear-night,0,0,,Clear,31.79,1388052000,0.0,6.206,330.0,,22.38
20.34,,2013-12-26 19:00:00,-9.39,0.16,clear-night,0,0,,Clear,31.79,1388055600,0.0,6.206,320.0,,17.9
17.94,,2013-12-26 20:00:00,-9.39,0.17,clear-night,0,0,1034.78,Clear,29.94,1388059200,0.0,6.206,330.0,,17.9
17.25,,2013-12-26 21:00:00,-9.39,0.17,clear-night,0,0,,Clear,29.94,1388062800,0.0,6.206,341.0,,20.12
18.71,,2013-12-26 22:00:00,-9.39,0.17,clear-night,0,0,,Clear,29.94,1388066400,0.0,6.206,330.0,,15.65
13.88,,2013-12-26 23:00:00,-9.39,0.21,clear-night,0,0,1034.6,Clear,24.59,1388070000,0.0,6.206,350.0,,11.19
12.96,,2013-12-27 00:00:00,-7.62,0.25,clear-night,0,0,,Clear,22.78,1388073600,0.0,6.206,0.0,,8.96
16.13,,2013-12-27 01:00:00,-9.39,0.2,clear-night,0,0,,Clear,26.39,1388077200,0.0,6.206,320.0,,11.19
15.06,,2013-12-27 02:00:00,-9.39,0.2,clear-night,0,0,1034.3,Clear,26.39,1388080800,0.0,6.206,311.0,,13.42
17.33,,2013-12-27 03:00:00,-9.39,0.19,clear-night,0,0,,Clear,28.17,1388084400,0.0,6.206,311.0,,13.42
15.06,,2013-12-27 04:00:00,-9.39,0.2,clear-night,0,0,,Clear,26.39,1388088000,0.0,6.206,311.0,,13.42
18.01,,2013-12-27 05:00:00,-3.79,0.27,clear-night,0,0,1033.0,Clear,25.32,1388091600,0.0,6.206,301.0,10.01,6.3
16.43,,2013-12-27 06:00:00,-3.43,0.28,clear-night,0,0,,Clear,25.32,1388095200,0.0,6.206,298.0,10.01,8.41
16.11,,2013-12-27 07:00:00,-3.43,0.28,clear-night,0,0,,Clear,25.32,1388098800,0.0,6.206,311.0,10.01,8.9
15.14,0.75,2013-12-27 08:00:00,-2.33,0.3,partly-cloudy-day,0,0,1033.23,Mostly Cloudy,24.79,1388102400,0.0,6.206,302.0,9.4,9.4
18.16,,2013-12-27 09:00:00,-3.28,0.26,clear-night,0,0,,Clear,27.51,1388106000,,6.206,320.0,13.0,9.99
19.79,,2013-12-27 10:00:00,-2.83,0.26,clear-night,0,0,,Clear,28.05,1388109600,,6.206,306.0,8.37,8.37
22.15,0.88,2013-12-27 11:00:00,-1.88,0.25,cloudy,0,0,1031.9,Overcast,29.4,1388113200,1.0,6.206,296.0,8.99,7.3
24.14,,2013-12-27 12:00:00,-1.33,0.24,clear-night,0,0,,Clear,31.34,1388116800,,6.206,286.0,19.95,7.83
24.79,,2013-12-27 13:00:00,-4.19,0.2,clear-night,0,0,,Clear,31.88,1388120400,,6.206,307.0,15.19,7.86
27.12,0.88,2013-12-27 14:00:00,-3.75,0.2,cloudy,0,0,1028.0,Overcast,33.23,1388124000,1.0,6.206,336.0,13.05,6.79
30.56,,2013-12-27 15:00:00,-3.35,0.2,clear-night,0,0,,Clear,33.23,1388127600,,6.206,350.0,3.11,3.11
32.93,,2013-12-27 16:00:00,-2.86,0.21,clear-night,0,0,,Clear,32.93,1388131200,,6.206,10.0,2.99,2.61
33.23,0.88,2013-12-27 17:00:00,-2.91,0.21,cloudy,0,0,1027.39,Overcast,33.23,1388134800,0.0,6.206,260.0,7.26,2.08
30.21,,2013-12-27 18:00:00,0.81,0.28,clear-night,0,0,,Clear,30.21,1388138400,0.0,6.206,80.0,7.26,2.08
29.66,,2013-12-27 19:00:00,0.28,0.28,clear-night,0,0,,Clear,29.66,1388142000,0.0,6.206,71.0,2.99,2.08
28.3,0.88,2013-12-27 20:00:00,0.61,0.3,cloudy,0,0,1027.59,Overcast,28.3,1388145600,0.0,6.206,71.0,2.01,1.04
27.46,,2013-12-27 21:00:00,1.46,0.32,clear-night,0,0,,Clear,27.46,1388149200,0.0,6.206,,0.0,0.0
26.08,0.0,2013-12-27 22:00:00,1.7,0.34,clear-night,0,0,,Clear,26.08,1388152800,0.0,4.974,20.0,2.08,2.08
24.17,,2013-12-27 23:00:00,0.61,0.35,clear-night,0,0,1027.39,Clear,24.17,1388156400,0.0,4.974,341.0,4.99,2.08
24.17,0.0,2013-12-28 00:00:00,0.76,0.36,clear-night,0,0,,Clear,24.17,1388160000,0.0,4.974,336.0,2.99,2.61
20.6,0.0,2013-12-28 01:00:00,3.6,0.37,clear-night,0,0,,Clear,26.68,1388163600,0.0,4.974,300.0,5.23,5.23
20.52,,2013-12-28 02:00:00,5.16,0.37,clear-night,0,0,1027.49,Clear,28.05,1388167200,0.0,4.974,305.0,7.3,7.3
18.51,,2013-12-28 03:00:00,4.7,0.38,clear-night,0,0,,Clear,26.68,1388170800,0.0,6.206,299.0,7.79,7.79
17.58,,2013-12-28 04:00:00,3.37,0.38,clear-night,0,0,,Clear,25.32,1388174400,0.0,6.206,311.0,10.99,6.83
15.92,,2013-12-28 05:00:00,1.14,0.33,clear-night,0,0,1027.19,Clear,26.15,1388178000,0.0,6.206,315.0,12.01,11.02
14.62,,2013-12-28 06:00:00,-0.06,0.33,clear-night,0,0,,Clear,25.32,1388181600,0.0,6.206,297.0,14.0,11.52
15.83,,2013-12-28 07:00:00,0.09,0.34,clear-night,0,0,,Clear,24.79,1388185200,0.0,6.206,309.0,8.33,8.33
14.78,,2013-12-28 08:00:00,-0.69,0.33,clear-night,0,0,1028.42,Clear,24.24,1388188800,,6.206,322.0,10.99,8.9
16.21,,2013-12-28 09:00:00,-2.18,0.29,clear-night,0,0,,Clear,26.15,1388192400,,6.206,308.0,13.0,10.48
16.87,,2013-12-28 10:00:00,-4.51,0.24,clear-night,0,0,,Clear,27.51,1388196000,,6.206,314.0,13.0,12.55
18.8,,2013-12-28 11:00:00,-5.6,0.21,clear-night,0,0,1029.1,Clear,29.4,1388199600,,6.206,310.0,14.99,13.61
21.48,,2013-12-28 12:00:00,-5.64,0.2,clear-night,0,0,,Clear,30.8,1388203200,,6.206,314.0,14.99,11.54
22.79,,2013-12-28 13:00:00,-9.03,0.16,clear-night,0,0,,Clear,32.7,1388206800,,6.206,300.0,16.0,14.15
24.54,,2013-12-28 14:00:00,-8.25,0.16,clear-night,0,0,1025.61,Clear,33.23,1388210400,,6.206,295.0,14.99,11.52
27.66,,2013-12-28 15:00:00,-8.77,0.14,clear-night,0,0,,Clear,35.15,1388214000,,6.206,300.0,18.89,9.93
28.46,,2013-12-28 16:00:00,-7.94,0.15,clear-night,0,0,,Clear,35.15,1388217600,,6.206,299.0,17.29,8.37
27.74,,2013-12-28 17:00:00,-8.67,0.15,clear-night,0,0,1024.61,Clear,33.75,1388221200,0.0,6.206,275.0,14.62,6.79
26.76,,2013-12-28 18:00:00,-8.56,0.16,clear-night,0,0,,Clear,33.23,1388224800,0.0,6.206,267.0,16.22,7.33
28.81,,2013-12-28 19:00:00,-7.22,0.17,clear-night,0,0,,Clear,33.23,1388228400,0.0,6.206,268.0,4.69,4.69
29.03,0.25,2013-12-28 20:00:00,-6.76,0.18,partly-cloudy-night,0,0,1025.22,Partly Cloudy,31.88,1388232000,0.0,6.206,281.0,4.99,3.11
26.12,,2013-12-28 21:00:00,-7.22,0.18,clear-night,0,0,,Clear,31.34,1388235600,0.0,6.206,281.0,5.19,5.19
28.34,,2013-12-28 22:00:00,-6.31,0.19,clear-night,0,0,,Clear,31.88,1388239200,0.0,6.206,290.0,3.65,3.65
26.26,,2013-12-28 23:00:00,-7.22,0.18,clear-night,0,0,1024.8,Clear,31.88,1388242800,0.0,6.206,278.0,7.99,5.79
25.72,,2013-12-29 00:00:00,-4.71,0.21,clear-night,0,0,,Clear,31.03,1388246400,0.0,6.206,250.0,5.23,5.23
24.48,,2013-12-29 01:00:00,-6.01,0.19,clear-night,0,0,,Clear,31.88,1388250000,0.0,6.206,276.0,8.37,8.37
25.27,,2013-12-29 02:00:00,-6.01,0.19,clear-night,0,0,1023.6,Clear,31.03,1388253600,0.0,6.206,265.0,7.99,5.76
24.19,,2013-12-29 03:00:00,-6.53,0.18,clear-night,0,0,,Clear,31.88,1388257200,0.0,6.206,289.0,10.01,8.86
24.19,,2013-12-29 04:00:00,-6.01,0.19,clear-night,0,0,,Clear,31.88,1388260800,0.0,6.206,300.0,8.86,8.86
23.86,,2013-12-29 05:00:00,-6.01,0.2,clear-night,0,0,1021.62,Clear,30.21,1388264400,0.0,6.206,318.0,7.99,6.3
23.66,,2013-12-29 06:00:00,-5.55,0.22,clear-night,0,0,,Clear,28.83,1388268000,0.0,6.206,336.0,4.99,4.69
28.0,,2013-12-29 07:00:00,-4.71,0.23,clear-night,0,0,,Clear,28.0,1388271600,0.0,6.206,11.0,2.08,2.08
24.95,,2013-12-29 08:00:00,-3.89,0.28,clear-night,0,0,1021.62,Clear,24.95,1388275200,,6.206,11.0,1.04,1.04
28.3,,2013-12-29 09:00:00,1.12,0.3,clear-night,0,0,,Clear,28.3,1388278800,,6.206,90.0,2.08,2.08
33.75,0.0,2013-12-29 10:00:00,-0.78,0.22,clear-day,0,0,,Clear,33.75,1388282400,1.0,4.974,90.0,2.99,2.08
38.43,,2013-12-29 11:00:00,-2.47,0.17,clear-night,0,0,1020.5,Clear,38.43,1388286000,,4.974,174.0,4.0,1.58
40.86,,2013-12-29 12:00:00,-4.14,0.14,clear-night,0,0,,Clear,40.86,1388289600,,6.206,169.0,4.99,2.61
38.57,,2013-12-29 13:00:00,-4.75,0.13,clear-night,0,0,,Clear,42.77,1388293200,,6.206,229.0,8.99,6.83
39.04,,2013-12-29 14:00:00,-3.89,0.13,clear-night,0,0,1016.81,Clear,43.61,1388296800,,6.206,240.0,14.69,7.86
41.18,,2013-12-29 15:00:00,-3.65,0.13,clear-night,0,0,,Clear,44.68,1388300400,,6.206,224.0,14.66,6.26
40.19,,2013-12-29 16:00:00,-4.3,0.13,clear-night,0,0,,Clear,43.3,1388304000,,6.206,232.0,15.16,5.23
38.88,,2013-12-29 17:00:00,-3.7,0.15,clear-night,0,0,1016.6,Clear,40.57,1388307600,0.0,6.206,180.0,3.11,3.11
37.82,,2013-12-29 18:00:00,-3.99,0.16,clear-night,0,0,,Clear,37.82,1388311200,0.0,6.206,191.0,2.99,2.61
37.06,,2013-12-29 19:00:00,-2.52,0.17,clear-night,0,0,,Clear,38.97,1388314800,0.0,6.206,221.0,3.11,3.11
36.45,0.0,2013-12-29 20:00:00,-1.99,0.19,clear-night,0,0,1017.49,Clear,36.45,1388318400,0.0,4.974,191.0,2.08,2.08
38.43,0.0,2013-12-29 21:00:00,-1.46,0.18,clear-night,0,0,,Clear,38.43,1388322000,0.0,4.974,191.0,2.08,2.08
29.91,0.0,2013-12-29 22:00:00,3.6,0.32,clear-night,0,0,,Clear,29.91,1388325600,0.0,4.346,314.0,4.0,2.61
33.42,,2013-12-29 23:00:00,3.54,0.28,clear-night,0,0,1017.6,Clear,33.42,1388329200,0.0,4.346,309.0,4.99,0.54
32.05,,2013-12-30 00:00:00,-1.94,0.19,clear-night,0,0,,Clear,37.04,1388332800,0.0,4.974,297.0,6.26,6.26
30.43,,2013-12-30 01:00:00,-2.47,0.18,clear-night,0,0,,Clear,36.75,1388336400,0.0,6.206,276.0,8.99,8.37
31.85,,2013-12-30 02:00:00,-3.35,0.17,clear-night,0,0,1017.1,Clear,38.12,1388340000,0.0,6.206,288.0,8.86,8.86
30.67,,2013-12-30 03:00:00,-3.89,0.16,clear-night,0,0,,Clear,38.12,1388343600,0.0,6.206,286.0,11.52,11.52
30.32,,2013-12-30 04:00:00,-3.79,0.18,clear-night,0,0,,Clear,35.91,1388347200,0.0,6.206,272.0,10.99,6.83
30.02,,2013-12-30 05:00:00,-3.75,0.18,clear-night,0,0,1016.29,Clear,35.36,1388350800,0.0,6.206,291.0,8.99,6.3
30.29,,2013-12-30 06:00:00,-3.75,0.19,clear-night,0,0,,Clear,34.55,1388354400,0.0,6.206,324.0,10.01,4.76
30.21,,2013-12-30 07:00:00,-2.96,0.17,clear-night,0,0,,Clear,37.59,1388358000,0.0,6.206,320.0,16.0,11.02
30.25,,2013-12-30 08:00:00,-2.91,0.18,clear-night,0,0,1016.99,Clear,37.04,1388361600,,6.206,309.0,10.01,9.4
32.39,,2013-12-30 09:00:00,-2.52,0.17,clear-night,0,0,,Clear,38.97,1388365200,,6.206,292.0,14.99,9.93
33.73,,2013-12-30 10:00:00,-1.31,0.16,clear-night,0,0,,Clear,40.86,1388368800,,6.206,288.0,14.99,12.55
34.47,,2013-12-30 11:00:00,-1.7,0.15,clear-night,0,0,1017.2,Clear,42.23,1388372400,,6.206,285.0,18.0,15.74
35.11,,2013-12-30 12:00:00,-0.88,0.16,clear-night,0,0,,Clear,42.23,1388376000,,6.206,282.0,26.27,13.61
36.4,,2013-12-30 13:00:00,-0.45,0.15,clear-night,0,0,,Clear,43.61,1388379600,,6.206,272.0,28.89,15.19
38.22,,2013-12-30 14:00:00,0.73,0.16,clear-night,0,0,1015.09,Clear,44.68,1388383200,,6.206,253.0,23.13,13.61
39.08,,2013-12-30 15:00:00,-0.95,0.14,clear-night,0,0,,Clear,44.68,1388386800,,6.206,280.0,22.59,10.97
39.27,,2013-12-30 16:00:00,-1.51,0.14,clear-night,0,0,,Clear,44.68,1388390400,,6.206,278.0,20.45,10.44
38.95,,2013-12-30 17:00:00,-0.55,0.16,clear-night,0,0,1015.19,Clear,43.3,1388394000,0.0,6.206,284.0,14.08,7.3
38.35,,2013-12-30 18:00:00,-0.36,0.17,clear-night,0,0,,Clear,41.39,1388397600,0.0,6.206,289.0,12.52,4.69
41.69,,2013-12-30 19:00:00,-0.27,0.17,clear-night,0,0,,Clear,41.69,1388401200,0.0,6.206,290.0,2.99,2.08
38.6,,2013-12-30 20:00:00,1.1,0.19,clear-night,0,0,1015.82,Clear,40.32,1388404800,0.0,6.206,221.0,3.11,3.11
35.59,,2013-12-30 21:00:00,1.47,0.2,clear-night,0,0,,Clear,38.66,1388408400,0.0,6.206,195.0,6.0,4.19
35.12,,2013-12-30 22:00:00,0.95,0.2,clear-night,0,0,,Clear,38.66,1388412000,0.0,6.206,211.0,7.01,4.72
38.97,,2013-12-30 23:00:00,0.63,0.19,clear-night,0,0,1014.61,Clear,38.97,1388415600,0.0,6.206,221.0,2.08,2.08
32.87,,2013-12-31 00:00:00,3.55,0.28,clear-night,0,0,,Clear,32.87,1388419200,0.0,6.206,221.0,2.08,2.08
34.3,,2013-12-31 01:00:00,1.8,0.25,clear-night,0,0,,Clear,34.3,1388422800,0.0,6.206,259.0,7.99,2.61
28.88,,2013-12-31 02:00:00,3.55,0.28,clear-night,0,0,1012.6,Clear,32.87,1388426400,0.0,6.206,335.0,4.99,4.19
25.95,,2013-12-31 03:00:00,6.06,0.35,clear-night,0,0,,Clear,30.37,1388430000,0.0,6.206,344.0,10.01,4.23
31.81,,2013-12-31 04:00:00,5.87,0.33,clear-night,0,0,,Clear,31.81,1388433600,0.0,6.206,278.0,2.61,2.61
29.32,,2013-12-31 05:00:00,7.07,0.38,clear-night,0,0,1011.11,Clear,29.32,1388437200,0.0,6.206,162.0,4.99,2.61
32.93,,2013-12-31 06:00:00,4.12,0.24,clear-night,0,0,,Clear,37.82,1388440800,0.0,6.206,273.0,13.0,6.34
34.96,,2013-12-31 07:00:00,2.85,0.2,clear-night,0,0,,Clear,41.39,1388444400,0.0,6.206,291.0,16.99,11.02
34.38,,2013-12-31 08:00:00,4.16,0.21,clear-night,0,0,1012.21,Clear,41.39,1388448000,,6.206,291.0,26.35,12.62
35.49,,2013-12-31 09:00:00,4.6,0.2,clear-night,0,0,,Clear,42.77,1388451600,,6.206,309.0,19.99,14.66
37.22,,2013-12-31 10:00:00,5.93,0.2,clear-night,0,0,,Clear,44.13,1388455200,,6.206,300.0,27.89,14.66
37.91,,2013-12-31 11:00:00,5.04,0.19,clear-night,0,0,1013.59,Clear,44.68,1388458800,,6.206,273.0,19.99,14.69
40.2,,2013-12-31 12:00:00,5.36,0.18,clear-night,0,0,,Clear,46.87,1388462400,,6.206,312.0,30.49,16.77
41.54,,2013-12-31 13:00:00,5.8,0.18,clear-night,0,0,,Clear,47.41,1388466000,,6.206,303.0,25.28,14.19
41.95,,2013-12-31 14:00:00,5.43,0.17,clear-night,0,0,1011.29,Clear,47.95,1388469600,,6.206,301.0,27.92,15.27
41.84,,2013-12-31 15:00:00,6.27,0.18,clear-night,0,0,,Clear,47.95,1388473200,,6.206,300.0,25.73,15.74
41.84,,2013-12-31 16:00:00,6.27,0.18,clear-night,0,0,,Clear,47.95,1388476800,,6.206,288.0,28.35,15.74
40.35,0.38,2013-12-31 17:00:00,4.95,0.18,partly-cloudy-night,0,0,1012.91,Partly Cloudy,46.58,1388480400,0.0,6.206,302.0,25.2,14.66
41.44,,2013-12-31 18:00:00,4.43,0.17,clear-night,0,0,,Clear,46.58,1388484000,0.0,6.206,307.0,21.99,11.02
42.45,,2013-12-31 19:00:00,3.44,0.17,clear-night,0,0,,Clear,45.2,1388487600,0.0,6.206,290.0,14.05,5.19
41.5,0.38,2013-12-31 20:00:00,1.88,0.17,partly-cloudy-night,0,0,1014.2,Partly Cloudy,44.68,1388491200,0.0,6.206,284.0,14.05,5.72
41.2,,2013-12-31 21:00:00,1.33,0.16,clear-night,0,0,,Clear,44.68,1388494800,0.0,6.206,290.0,6.22,6.22
39.53,,2013-12-31 22:00:00,1.42,0.17,clear-night,0,0,,Clear,43.3,1388498400,0.0,6.206,282.0,6.26,6.26
39.98,,2013-12-31 23:00:00,2.76,0.18,clear-night,0,0,1014.99,Clear,44.13,1388502000,0.0,6.206,290.0,7.26,7.26
